household_key,dd_value,dd_lines,quintile_value,quintile_lines,net_sales,n_visits
522,0.00979,0.125,1,1,29.0,3
1730,0.01168,0.78788,1,5,3510.0,167
657,0.01464,0.09091,1,1,120.0,20
1386,0.01724,0.14286,1,1,111.0,8
2219,0.01852,0.57813,1,5,1077.0,23
1885,0.02366,0.35,1,1,265.0,13
120,0.0271,0.34375,1,1,242.0,19
991,0.02735,0.35632,1,1,1420.0,31
821,0.02942,0.35088,1,1,465.0,17
494,0.02969,0.25,1,1,8.0,1
1100,0.03364,0.41667,1,1,313.0,26
446,0.0371,0.2623,1,1,212.0,30
902,0.03785,0.32143,1,1,135.0,10
853,0.03876,0.27881,1,1,13497.0,516
2394,0.03994,0.42745,1,2,1538.0,84
1727,0.04112,0.44444,1,2,149.0,2
1805,0.04137,0.19632,1,1,792.0,77
2257,0.04411,0.20574,1,1,792.0,75
299,0.04434,0.2069,1,1,242.0,11
755,0.04751,0.59079,1,5,10617.0,307
1897,0.04767,0.4,1,1,20.0,1
1626,0.04787,0.625,1,5,43.0,2
1663,0.04925,0.53279,1,4,1834.0,196
1144,0.05199,0.36207,1,1,187.0,24
1799,0.05283,0.24855,1,1,395.0,52
2192,0.05291,0.23596,1,1,492.0,29
89,0.05296,0.23404,1,1,178.0,11
1023,0.05306,0.36021,1,1,38320.0,603
1723,0.05444,0.21895,1,1,4469.0,86
835,0.05527,0.23188,1,1,274.0,17
759,0.05571,0.29301,1,1,1274.0,41
1788,0.05603,0.29185,1,1,9072.0,152
2191,0.05875,0.36709,1,1,781.0,15
1533,0.05909,0.22951,1,1,255.0,22
186,0.05972,0.30769,1,1,60.0,3
112,0.05972,0.4359,1,2,1343.0,80
1893,0.05994,0.48438,1,3,374.0,18
1844,0.06019,0.25751,1,1,1524.0,83
1035,0.06051,0.08571,1,1,183.0,4
2163,0.06092,0.43902,1,2,356.0,14
754,0.06098,0.23568,1,1,1535.0,32
720,0.06101,0.29217,1,1,1679.0,86
1164,0.06226,0.31042,1,1,4689.0,104
746,0.06229,0.28814,1,1,569.0,39
470,0.06313,0.3947,1,1,2305.0,156
1243,0.06322,0.39726,1,1,250.0,15
87,0.06385,0.26,1,1,1202.0,45
1848,0.065,0.28978,1,1,10848.0,110
1725,0.06504,0.28272,1,1,827.0,19
509,0.06545,0.39706,1,1,277.0,16
992,0.06546,0.44635,1,2,823.0,102
2265,0.06575,0.4,1,1,77.0,3
1914,0.06583,0.24294,1,1,4076.0,157
1095,0.06601,0.3141,1,1,600.0,30
1342,0.06612,0.40625,1,1,160.0,12
1786,0.06701,0.37037,1,1,410.0,44
1657,0.06737,0.45665,1,2,648.0,50
1840,0.06753,0.34579,1,1,337.0,37
569,0.06802,0.33027,1,1,6749.0,102
2323,0.06819,0.5061,1,3,781.0,29
1539,0.06829,0.35294,1,1,79.0,10
1876,0.06872,0.5,1,3,86.0,5
1443,0.06933,0.38526,1,1,2221.0,182
1008,0.0694,0.55263,1,4,511.0,40
392,0.07043,0.35175,1,1,11444.0,104
459,0.0707,0.43871,1,2,1195.0,67
1701,0.07073,0.37676,1,1,1390.0,31
772,0.0711,0.41935,1,1,272.0,42
2110,0.07124,0.29648,1,1,12470.0,222
2428,0.07136,0.66667,1,5,323.0,19
1810,0.07148,0.33431,1,1,4026.0,266
1935,0.0719,0.31547,1,1,12371.0,177
797,0.07195,0.33513,1,1,3060.0,92
1318,0.07211,0.29663,1,1,5584.0,74
1168,0.07237,0.3287,1,1,874.0,69
1586,0.07257,0.27561,1,1,2237.0,72
1240,0.07262,0.32951,1,1,11250.0,217
2332,0.07275,0.41538,1,1,354.0,16
1031,0.07305,0.38736,1,1,4232.0,146
935,0.07345,0.4378,1,2,1565.0,57
2189,0.07361,0.41569,1,1,1335.0,91
1362,0.074,0.34752,1,1,1419.0,61
45,0.074,0.2827,1,1,807.0,57
500,0.07402,0.4,1,1,85.0,5
1865,0.07421,0.32642,1,1,6652.0,161
119,0.07479,0.35733,1,1,2593.0,62
1037,0.07483,0.41477,1,1,1077.0,33
1871,0.07541,0.31373,1,1,547.0,20
1654,0.07559,0.36757,1,1,787.0,40
439,0.07565,0.30435,1,1,568.0,38
1175,0.0759,0.39405,1,1,7404.0,135
1091,0.07592,0.39768,1,1,5617.0,116
1171,0.07607,0.41091,1,1,997.0,34
1115,0.07615,0.41618,1,1,1829.0,51
810,0.07618,0.27273,1,1,540.0,37
1256,0.07619,0.32612,1,1,5274.0,170
1855,0.0765,0.55556,1,4,252.0,11
1177,0.07689,0.33333,1,1,338.0,17
1448,0.07693,0.29052,1,1,1927.0,80
27,0.07715,0.26948,1,1,5736.0,405
329,0.07729,0.31725,1,1,3027.0,146
38,0.0773,0.34483,1,1,706.0,27
1557,0.07742,0.37058,1,1,6528.0,195
1274,0.0778,0.353,1,1,12503.0,273
1112,0.07781,0.48284,1,3,1889.0,52
1915,0.07785,0.40141,1,1,486.0,28
2106,0.07789,0.36635,1,1,2807.0,52
1297,0.07803,0.50721,1,3,2733.0,147
335,0.07807,0.30167,1,1,2822.0,147
73,0.07813,0.3867,1,1,2864.0,164
1260,0.07829,0.29501,1,1,11201.0,168
915,0.07852,0.2768,1,1,970.0,119
1668,0.07854,0.37925,1,1,2284.0,94
1744,0.07924,0.28161,1,1,1089.0,58
1925,0.07934,0.33506,1,1,3019.0,118
2162,0.07936,0.42918,1,2,13923.0,180
267,0.0795,0.34211,1,1,386.0,26
1803,0.07973,0.5217,1,4,14421.0,216
2203,0.07977,0.38523,1,1,5239.0,103
1789,0.07978,0.40385,1,1,293.0,23
1782,0.08033,0.3031,1,1,1743.0,37
23,0.08035,0.42154,1,2,3159.0,110
1853,0.0804,0.43182,1,2,274.0,36
2058,0.08077,0.34602,1,1,5971.0,167
1771,0.08078,0.31677,1,1,532.0,11
1864,0.08079,0.36001,1,1,16942.0,164
1609,0.08094,0.3677,1,1,27860.0,412
961,0.08135,0.3665,1,1,3956.0,72
1032,0.08136,0.36578,1,1,2474.0,92
2328,0.08165,0.3281,1,1,14194.0,166
1139,0.08171,0.38298,1,1,7540.0,92
2128,0.08199,0.4375,1,2,1878.0,82
900,0.08203,0.55221,1,4,16451.0,1223
1348,0.08257,0.208,1,1,324.0,23
721,0.0826,0.54098,1,4,554.0,46
1229,0.08264,0.29944,1,1,18304.0,385
1923,0.08268,0.41847,1,1,4870.0,167
252,0.08284,0.5,1,3,94.0,9
960,0.08304,0.35914,1,1,2447.0,106
1661,0.08304,0.35829,1,1,1425.0,44
2033,0.0831,0.42981,1,2,2513.0,109
1030,0.08312,0.38125,1,1,1260.0,30
1389,0.08358,0.398,1,1,2841.0,41
914,0.08379,0.36603,1,1,1834.0,60
717,0.08384,0.41781,1,1,617.0,51
167,0.08405,0.37719,1,1,1268.0,20
172,0.0842,0.5124,1,3,1771.0,159
350,0.08438,0.38946,1,1,3083.0,103
1377,0.08454,0.30204,1,1,791.0,35
1407,0.08456,0.38198,1,1,1616.0,35
2185,0.08458,0.37494,1,1,8551.0,106
1973,0.08479,0.32898,1,1,1684.0,130
308,0.08483,0.36364,1,1,2465.0,83
2411,0.08507,0.32305,1,1,2019.0,76
1485,0.08522,0.35345,1,1,2188.0,66
413,0.08534,0.35578,1,1,5964.0,284
1438,0.08556,0.28196,1,1,2131.0,41
2282,0.08561,0.27675,1,1,1104.0,79
681,0.08565,0.46164,1,2,2773.0,66
692,0.08566,0.34516,1,1,3891.0,124
1920,0.0858,0.3042,1,1,1928.0,93
1057,0.08625,0.38612,1,1,8219.0,184
565,0.0863,0.37313,1,1,498.0,21
347,0.08654,0.375,1,1,541.0,15
352,0.08673,0.37736,1,1,179.0,6
1850,0.08673,0.38458,1,1,6882.0,223
661,0.08682,0.55658,1,4,8271.0,394
1276,0.08691,0.2906,1,1,623.0,20
1836,0.08716,0.41375,1,1,2992.0,93
1646,0.08742,0.39921,1,1,1554.0,68
1842,0.08749,0.3452,1,1,907.0,19
356,0.08749,0.5335,1,4,2837.0,234
1975,0.08756,0.43778,1,2,17548.0,363
1476,0.08761,0.51746,1,4,9482.0,356
861,0.08767,0.31362,1,1,1383.0,34
1592,0.08768,0.42949,1,2,2372.0,52
997,0.08769,0.38354,1,1,4647.0,92
1558,0.08782,0.36334,1,1,4487.0,145
532,0.08784,0.33913,1,1,402.0,23
4,0.0879,0.43189,1,2,1200.0,30
2230,0.08794,0.34644,1,1,1196.0,38
627,0.0881,0.34615,1,1,1785.0,45
235,0.08817,0.4062,1,1,12157.0,200
584,0.08822,0.51869,1,4,1098.0,56
1029,0.08836,0.43053,1,2,13786.0,276
2060,0.08854,0.35507,1,1,630.0,32
832,0.08857,0.35821,1,1,479.0,14
400,0.08863,0.4752,1,3,18494.0,310
1230,0.08872,0.36923,1,1,259.0,20
406,0.08897,0.30751,1,1,1777.0,45
724,0.08906,0.34225,1,1,639.0,26
2397,0.08917,0.34824,1,1,1095.0,35
2165,0.08918,0.44186,1,2,182.0,11
382,0.08941,0.4269,1,2,695.0,34
847,0.0895,0.47926,1,3,1463.0,53
1352,0.08954,0.44107,1,2,5399.0,138
2161,0.08985,0.46263,1,2,2064.0,40
394,0.08986,0.34942,1,1,1566.0,65
1403,0.09,0.47526,1,3,3673.0,151
106,0.09016,0.44731,1,2,2015.0,67
975,0.09025,0.47677,1,3,4769.0,182
2291,0.0903,0.34857,1,1,439.0,55
261,0.09036,0.52941,1,4,1242.0,44
162,0.09043,0.39022,1,1,3038.0,71
374,0.09061,0.3861,1,1,7100.0,163
872,0.09068,0.27083,1,1,172.0,9
1173,0.09082,0.38462,1,1,656.0,41
2322,0.09084,0.37017,1,1,23647.0,323
1696,0.09086,0.39096,1,1,2640.0,62
2320,0.09113,0.35616,1,1,370.0,25
40,0.09116,0.3735,1,1,12908.0,400
1325,0.09117,0.37867,1,1,2836.0,64
839,0.09117,0.38077,1,1,847.0,10
2371,0.09126,0.29844,1,1,2139.0,98
895,0.09133,0.46558,1,2,8700.0,211
2036,0.09154,0.42833,1,2,4064.0,49
1016,0.09154,0.42691,1,2,3090.0,40
2172,0.09156,0.36243,1,1,2408.0,99
1267,0.09161,0.34697,1,1,1690.0,66
324,0.09162,0.4255,1,2,8555.0,150
2226,0.09179,0.60401,1,5,8918.0,640
43,0.09185,0.33938,1,1,885.0,106
2145,0.09186,0.36154,1,1,1091.0,38
1962,0.09191,0.41541,1,1,3513.0,132
296,0.09193,0.59574,1,5,149.0,12
448,0.0924,0.45794,1,2,493.0,45
1186,0.09248,0.36915,1,1,6060.0,79
790,0.09263,0.44505,1,2,2843.0,58
1333,0.09266,0.40854,1,1,7710.0,129
289,0.09269,0.39515,1,1,5970.0,183
478,0.09272,0.55357,1,4,286.0,20
990,0.09297,0.60656,1,5,247.0,16
922,0.09307,0.41466,1,1,3337.0,150
1900,0.09309,0.41362,1,1,8541.0,56
1884,0.09326,0.36601,1,1,593.0,30
2460,0.09333,0.40099,1,1,966.0,32
1922,0.09337,0.37667,1,1,3097.0,113
1170,0.09338,0.52381,1,4,68.0,7
52,0.0934,0.43029,1,2,5487.0,139
1148,0.09341,0.38793,1,1,479.0,26
2233,0.09343,0.40692,1,1,8441.0,273
259,0.09355,0.41896,1,1,1158.0,54
243,0.09361,0.36047,1,1,8074.0,250
2369,0.09365,0.43123,1,2,2710.0,76
1881,0.09373,0.45054,1,2,2914.0,119
1553,0.09387,0.35526,1,1,141.0,16
169,0.09388,0.65,1,5,256.0,24
1942,0.09413,0.36983,1,1,3135.0,151
1656,0.09425,0.43299,1,2,458.0,10
599,0.0943,0.3252,1,1,358.0,5
404,0.09432,0.46017,1,2,6107.0,240
91,0.09461,0.53293,1,4,2900.0,181
2025,0.09463,0.55918,1,4,1120.0,33
288,0.09468,0.34727,1,1,3115.0,92
785,0.09473,0.40943,1,1,2090.0,103
976,0.09478,0.39097,1,1,6191.0,82
1820,0.09487,0.37103,1,1,4208.0,77
852,0.09487,0.34763,1,1,1944.0,95
286,0.09488,0.41502,1,1,1245.0,41
1270,0.09494,0.32558,1,1,3455.0,73
1839,0.09502,0.33261,1,1,1764.0,99
2115,0.09506,0.47216,1,3,14775.0,320
1854,0.09526,0.39991,1,1,7632.0,273
1585,0.09527,0.40694,1,1,9354.0,150
523,0.0953,0.34982,1,1,5732.0,277
840,0.09539,0.37664,1,1,11945.0,214
149,0.09552,0.42051,1,2,11921.0,215
2476,0.09553,0.50794,1,3,403.0,14
514,0.09555,0.31231,1,1,2339.0,66
1571,0.09558,0.40476,1,1,568.0,49
1547,0.0956,0.51334,1,3,2222.0,289
455,0.09562,0.44643,1,2,1253.0,25
256,0.09574,0.42461,1,2,9850.0,125
10,0.09584,0.31429,1,1,234.0,9
433,0.09585,0.33596,1,1,950.0,76
1211,0.09586,0.43409,1,2,9045.0,168
1566,0.09592,0.45853,1,2,10568.0,347
669,0.09595,0.45061,1,2,9164.0,119
1314,0.09608,0.47279,1,3,14330.0,421
1713,0.09611,0.41093,1,1,1734.0,37
1431,0.09616,0.34363,1,1,2718.0,155
694,0.09619,0.4195,1,2,1757.0,154
777,0.09622,0.50489,1,3,2746.0,40
1559,0.09634,0.43509,1,2,2725.0,60
1760,0.09634,0.38587,1,1,564.0,53
849,0.0964,0.36623,1,1,4600.0,62
1509,0.09645,0.41057,1,1,6453.0,204
2325,0.09658,0.31818,1,1,106.0,3
528,0.09666,0.4,1,1,374.0,17
2498,0.09698,0.44005,1,2,2602.0,172
2136,0.09703,0.37732,1,1,1552.0,18
1053,0.0971,0.31125,1,1,4616.0,96
1307,0.09721,0.34251,1,1,2050.0,174
1828,0.09729,0.38989,1,1,5814.0,86
189,0.09732,0.43182,1,2,802.0,38
2064,0.09733,0.36768,1,1,5425.0,271
1444,0.09734,0.39516,1,1,324.0,23
844,0.09777,0.36965,1,1,5400.0,141
2278,0.09779,0.34967,1,1,1161.0,46
1602,0.09787,0.36134,1,1,6425.0,159
148,0.09798,0.41842,1,1,1232.0,55
1588,0.09799,0.33053,1,1,5200.0,234
2045,0.09813,0.44944,1,2,311.0,19
2438,0.09814,0.44146,1,2,3062.0,184
577,0.09822,0.47011,1,2,4400.0,39
130,0.09823,0.40397,1,1,512.0,20
884,0.09827,0.57252,1,4,674.0,70
50,0.09828,0.38889,1,1,351.0,15
1733,0.09828,0.32723,1,1,1487.0,34
826,0.09833,0.40449,1,1,203.0,26
571,0.09837,0.42857,1,2,1114.0,16
2293,0.09838,0.38669,1,1,2463.0,45
1215,0.0988,0.40104,1,1,786.0,15
554,0.09889,0.36789,1,1,1524.0,21
1726,0.09889,0.39529,1,1,8132.0,182
2245,0.09891,0.47097,1,2,4614.0,178
20,0.09897,0.48067,1,3,7486.0,387
1413,0.09901,0.37302,1,1,344.0,27
328,0.09903,0.38676,1,1,17332.0,239
2032,0.09906,0.53942,1,4,1275.0,66
1530,0.09913,0.41667,1,1,880.0,48
1890,0.09915,0.35791,1,1,1934.0,51
2209,0.09929,0.44272,1,2,6997.0,232
336,0.09938,0.41961,1,2,3090.0,120
491,0.09967,0.3884,1,1,4836.0,124
2133,0.09973,0.45884,1,2,6760.0,141
197,0.09981,0.38428,1,1,1929.0,55
311,0.09986,0.40812,1,1,1351.0,51
1527,0.09993,0.42642,1,2,17295.0,321
2077,0.1,0.36446,1,1,1835.0,109
1235,0.10003,0.4335,1,2,894.0,20
427,0.10007,0.34459,1,1,1073.0,53
1612,0.10014,0.45554,1,2,8429.0,151
2231,0.1002,0.44267,1,2,4400.0,94
424,0.10023,0.43276,1,2,2442.0,24
2246,0.10026,0.46988,1,2,321.0,5
1487,0.10031,0.39803,1,1,1471.0,38
2225,0.1004,0.42778,1,2,3352.0,98
453,0.10048,0.35263,1,1,743.0,34
1582,0.10059,0.39462,1,1,1907.0,37
1011,0.10064,0.40522,1,1,3495.0,140
2413,0.10075,0.29907,1,1,301.0,17
735,0.10077,0.29412,1,1,1062.0,92
2260,0.1008,0.43562,1,2,7457.0,133
1541,0.10088,0.41607,1,1,7743.0,102
65,0.10092,0.43962,1,2,2042.0,122
1997,0.10099,0.43655,1,2,4296.0,67
555,0.10116,0.32061,1,1,561.0,21
2365,0.10119,0.39167,1,1,314.0,7
1595,0.10125,0.45031,1,2,5644.0,139
951,0.10128,0.47027,1,2,690.0,18
516,0.10131,0.31461,1,1,295.0,17
1046,0.10132,0.4164,1,1,4315.0,153
218,0.10137,0.45477,1,2,9212.0,164
642,0.10144,0.37642,1,1,2208.0,64
1076,0.10149,0.40809,1,1,2241.0,86
956,0.10155,0.43005,1,2,10232.0,621
1859,0.10155,0.35897,1,1,1791.0,35
2193,0.10161,0.41949,1,2,9155.0,117
1618,0.10161,0.42498,1,2,4562.0,99
773,0.10167,0.40873,1,1,900.0,22
16,0.10176,0.34623,1,1,1512.0,98
2330,0.10194,0.45594,1,2,5683.0,73
707,0.10201,0.45522,1,2,19194.0,498
530,0.10207,0.39588,1,1,1476.0,53
2454,0.10211,0.44304,1,2,393.0,30
1303,0.10231,0.44559,1,2,6344.0,212
2286,0.10235,0.45098,1,2,989.0,26
274,0.10235,0.49254,1,3,120.0,15
703,0.10251,0.49286,1,3,9476.0,219
1567,0.10256,0.34132,1,1,2124.0,155
1001,0.10273,0.42155,1,2,4082.0,90
1910,0.10275,0.48421,1,3,742.0,26
216,0.10279,0.37074,1,1,2625.0,120
2135,0.10282,0.41137,1,1,779.0,45
379,0.10287,0.20833,1,1,56.0,2
959,0.10303,0.41066,1,1,1075.0,60
1157,0.10307,0.40653,1,1,2780.0,104
222,0.10311,0.37742,1,1,5898.0,130
2235,0.10313,0.42086,1,2,3825.0,89
1749,0.10314,0.50955,1,3,4209.0,122
1373,0.10321,0.43103,1,2,658.0,40
1368,0.10322,0.35511,1,1,2767.0,32
697,0.10325,0.4413,1,2,2824.0,62
905,0.10325,0.45333,1,2,852.0,31
2044,0.10327,0.40988,1,1,1001.0,49
596,0.10328,0.34653,1,1,2996.0,113
973,0.10335,0.42048,1,2,13486.0,84
1273,0.10341,0.40506,1,1,265.0,17
665,0.10344,0.36318,1,1,716.0,39
818,0.10347,0.47764,1,3,1725.0,52
760,0.10352,0.40998,1,1,1873.0,70
273,0.10353,0.46014,1,2,2501.0,127
648,0.10354,0.29467,1,1,1910.0,73
32,0.1036,0.49339,1,3,3382.0,116
51,0.1036,0.3922,1,1,3047.0,83
1347,0.10383,0.41878,1,1,3360.0,131
1604,0.10418,0.33763,1,1,818.0,156
1938,0.10424,0.396,1,1,1033.0,28
1584,0.10427,0.44071,1,2,7435.0,317
1740,0.10427,0.42599,1,2,11938.0,390
2390,0.1044,0.40597,1,1,1047.0,47
90,0.10447,0.37662,1,1,490.0,10
1167,0.10447,0.44514,1,2,6799.0,150
1468,0.10453,0.4,1,1,4132.0,81
1670,0.10468,0.35185,1,1,96.0,19
1447,0.10477,0.51442,1,3,605.0,40
897,0.10479,0.40345,1,1,840.0,62
2171,0.10481,0.39164,1,1,4031.0,107
786,0.1049,0.49083,1,3,7434.0,204
2024,0.10496,0.45498,1,2,4957.0,99
1473,0.10503,0.41602,1,1,4339.0,118
2099,0.10508,0.36872,1,1,691.0,53
1196,0.10509,0.38462,1,1,1916.0,27
1103,0.10513,0.45481,1,2,6104.0,204
1742,0.1052,0.45915,1,2,2140.0,282
1773,0.1052,0.40053,1,1,3357.0,91
2308,0.10526,0.39877,1,1,582.0,31
2051,0.10535,0.57079,1,4,4923.0,288
699,0.10538,0.44542,1,2,10353.0,150
1944,0.10549,0.44883,1,2,10943.0,180
2355,0.10556,0.34286,1,1,111.0,16
1004,0.10558,0.51967,1,4,3709.0,253
415,0.10564,0.52688,1,4,515.0,16
1845,0.10571,0.38201,1,1,12648.0,151
320,0.10583,0.34247,1,1,497.0,19
1796,0.10588,0.43019,1,2,2601.0,60
488,0.10603,0.34831,1,1,407.0,20
2139,0.10606,0.49871,1,3,4696.0,372
1991,0.10613,0.35714,1,1,320.0,45
1802,0.10614,0.42089,1,2,4835.0,52
1409,0.10625,0.42541,1,2,4324.0,87
2321,0.10626,0.53982,1,4,336.0,18
2048,0.10629,0.39498,1,1,1538.0,47
1497,0.1063,0.39855,1,1,527.0,9
823,0.10635,0.3839,1,1,2590.0,117
1477,0.10639,0.44156,1,2,279.0,15
1036,0.10649,0.37255,1,1,1231.0,27
1781,0.1065,0.37136,1,1,3229.0,93
802,0.10654,0.375,1,1,2154.0,59
358,0.10663,0.38909,1,1,12729.0,371
1246,0.10669,0.41071,1,1,5428.0,97
168,0.10687,0.39623,1,1,511.0,37
1073,0.10687,0.409,1,1,3014.0,121
118,0.10702,0.46169,1,2,4526.0,90
1430,0.10705,0.4745,1,3,20353.0,344
893,0.10711,0.44323,1,2,4729.0,111
440,0.10718,0.18519,1,1,84.0,6
2272,0.1073,0.41079,1,1,2244.0,70
883,0.10745,0.57393,1,5,10165.0,352
2424,0.10745,0.41327,1,1,4123.0,113
1888,0.10748,0.4127,1,1,136.0,11
813,0.10754,0.38917,1,1,2065.0,33
260,0.1076,0.38333,1,1,425.0,30
193,0.10765,0.49162,1,3,4815.0,136
284,0.1077,0.46203,1,2,535.0,21
2181,0.10771,0.45959,1,2,3074.0,55
1039,0.10774,0.43821,1,2,5168.0,82
871,0.10783,0.4124,1,1,10436.0,132
1778,0.10784,0.50281,1,3,9336.0,259
1048,0.10789,0.38241,1,1,1934.0,103
207,0.10799,0.37275,1,1,996.0,21
1301,0.10809,0.38889,1,1,1494.0,80
1090,0.10811,0.21348,1,1,308.0,12
2458,0.10835,0.4026,1,1,1118.0,56
441,0.10835,0.42613,1,2,2370.0,76
1510,0.10836,0.42967,1,2,11211.0,1300
1720,0.10841,0.42285,1,2,5756.0,142
911,0.10847,0.34425,1,1,3697.0,75
1800,0.10849,0.5318,1,4,3667.0,85
331,0.10853,0.42643,1,2,1273.0,65
1552,0.10857,0.44167,1,2,1085.0,35
1590,0.10859,0.3788,1,1,8034.0,152
2361,0.10867,0.39591,1,1,4529.0,90
779,0.10871,0.41858,1,1,3918.0,86
1034,0.10877,0.39209,1,1,841.0,70
1479,0.10885,0.40323,1,1,9129.0,716
1081,0.1089,0.37491,1,1,10202.0,139
924,0.10891,0.45033,1,2,2336.0,95
2266,0.10893,0.42789,1,2,8754.0,148
972,0.10895,0.45194,1,2,4219.0,197
2440,0.10898,0.43364,1,2,2564.0,139
1010,0.10901,0.52148,1,4,2486.0,91
166,0.10901,0.37054,1,1,3060.0,122
2008,0.10902,0.44854,1,2,2332.0,68
1452,0.10909,0.30502,1,1,1884.0,374
2385,0.10926,0.49009,1,3,6158.0,306
1982,0.10932,0.39939,1,1,4214.0,160
12,0.1094,0.42045,1,2,266.0,7
2415,0.1095,0.38836,1,1,1676.0,126
1142,0.10955,0.45961,1,2,15179.0,284
1209,0.10958,0.41837,1,1,361.0,23
1227,0.10968,0.44274,1,2,3810.0,86
63,0.10969,0.41803,1,1,590.0,33
941,0.1097,0.45525,1,2,2206.0,122
521,0.10972,0.32423,1,1,859.0,53
2313,0.10975,0.6,1,5,106.0,11
219,0.10979,0.41011,1,1,11885.0,228
115,0.11028,0.45909,1,2,13262.0,201
2228,0.11038,0.48753,1,3,5298.0,202
2406,0.1105,0.40985,2,1,4861.0,138
745,0.11054,0.39448,2,1,6714.0,180
2422,0.11056,0.41121,2,1,368.0,5
302,0.11074,0.4159,2,1,1798.0,95
1388,0.11075,0.46022,2,2,6949.0,151
762,0.11076,0.5705,2,4,8983.0,886
1814,0.1108,0.37759,2,1,4108.0,52
1466,0.11087,0.45455,2,2,1029.0,38
1393,0.11088,0.36254,2,1,5951.0,203
2284,0.11104,0.38722,2,1,17153.0,265
2449,0.11107,0.3903,2,1,10867.0,290
1221,0.11122,0.4009,2,1,652.0,15
2437,0.11127,0.43407,2,2,4842.0,74
1534,0.1113,0.48088,2,3,8450.0,313
2479,0.11131,0.42102,2,2,14280.0,136
84,0.11146,0.39309,2,1,1208.0,52
2283,0.11149,0.42547,2,2,1389.0,17
971,0.11158,0.45649,2,2,3676.0,126
604,0.11166,0.4475,2,2,2312.0,56
736,0.11169,0.3949,2,1,3062.0,60
1078,0.11176,0.44524,2,2,6886.0,250
2142,0.11177,0.43891,2,2,7631.0,106
1021,0.11183,0.41168,2,1,2086.0,99
1996,0.11189,0.44986,2,2,2654.0,119
47,0.11193,0.44179,2,2,2329.0,111
1197,0.112,0.47133,2,2,7989.0,160
538,0.11205,0.46988,2,2,4382.0,69
944,0.11206,0.46262,2,2,2860.0,104
163,0.11214,0.4,2,1,273.0,17
1978,0.11215,0.45437,2,2,1460.0,89
2055,0.11233,0.47382,2,3,2409.0,133
2261,0.11237,0.54162,2,4,13380.0,429
1841,0.11244,0.37353,2,1,2402.0,32
183,0.11244,0.3993,2,1,1561.0,136
2178,0.11244,0.41869,2,1,3681.0,152
2003,0.11263,0.4189,2,1,1976.0,42
1872,0.11269,0.44557,2,2,3763.0,162
608,0.1127,0.37696,2,1,5149.0,217
2124,0.1128,0.40576,2,1,7859.0,240
1293,0.11285,0.35129,2,1,2763.0,176
2488,0.11299,0.45727,2,2,6328.0,119
1050,0.11307,0.46823,2,2,5135.0,135
1028,0.11312,0.28571,2,1,122.0,12
868,0.1136,0.48182,2,3,6837.0,162
1097,0.11365,0.4546,2,2,8806.0,165
1360,0.11378,0.48352,2,3,630.0,23
1614,0.11382,0.43023,2,2,518.0,75
86,0.11384,0.41066,2,1,4019.0,46
1610,0.11388,0.50943,2,3,164.0,11
2146,0.1139,0.45304,2,2,1693.0,58
543,0.11392,0.61785,2,5,3698.0,104
679,0.11393,0.43321,2,2,6494.0,262
784,0.11394,0.39524,2,1,3118.0,134
1117,0.11408,0.45666,2,2,3667.0,186
2184,0.1141,0.57271,2,4,5095.0,260
238,0.11426,0.37383,2,1,693.0,28
1516,0.11428,0.52941,2,4,190.0,15
1418,0.11431,0.40994,2,1,2735.0,78
1189,0.11438,0.35165,2,1,954.0,51
2076,0.11442,0.49446,2,3,8298.0,252
1852,0.11444,0.44634,2,2,9800.0,317
675,0.11444,0.45271,2,2,4832.0,223
1453,0.11445,0.40665,2,1,21661.0,761
13,0.11446,0.51831,2,4,13191.0,275
580,0.11448,0.57434,2,5,1338.0,98
109,0.11458,0.38739,2,1,3501.0,104
2262,0.11464,0.46372,2,2,1491.0,151
2046,0.11473,0.47159,2,3,639.0,48
250,0.1148,0.4545,2,2,5992.0,121
1932,0.11484,0.50214,2,3,2679.0,74
1794,0.11493,0.4354,2,2,3594.0,77
1096,0.11496,0.47082,2,2,592.0,47
2447,0.115,0.41218,2,1,7521.0,132
1191,0.11501,0.41358,2,1,2486.0,98
982,0.11502,0.43834,2,2,18790.0,412
22,0.11505,0.43337,2,2,6256.0,136
2256,0.11508,0.50711,2,3,1498.0,30
695,0.11509,0.43792,2,2,8524.0,226
1573,0.11516,0.40957,2,1,373.0,96
1983,0.11522,0.44025,2,2,2498.0,38
1423,0.11534,0.458,2,2,1696.0,189
2444,0.11547,0.55,2,4,70.0,6
1122,0.11558,0.43121,2,2,1237.0,77
444,0.11565,0.39225,2,1,1262.0,44
205,0.11589,0.37559,2,1,3750.0,106
963,0.11593,0.42485,2,2,2037.0,43
1835,0.11602,0.48247,2,3,10996.0,310
588,0.11602,0.48751,2,3,9541.0,262
1000,0.11608,0.39293,2,1,4151.0,138
1947,0.11608,0.4464,2,2,7209.0,90
1501,0.11614,0.48642,2,3,8491.0,205
1843,0.11618,0.50505,2,3,770.0,42
628,0.11619,0.48,2,3,1148.0,18
506,0.1162,0.50521,2,3,1254.0,32
1544,0.11625,0.51256,2,3,2458.0,54
638,0.11632,0.45082,2,2,8039.0,164
1715,0.11634,0.42077,2,2,984.0,53
1137,0.11644,0.44611,2,2,2122.0,134
1801,0.11645,0.54106,2,4,759.0,64
701,0.11653,0.42857,2,2,2594.0,39
1837,0.11666,0.46184,2,2,7528.0,160
365,0.11667,0.36902,2,1,7048.0,170
886,0.11669,0.53128,2,4,4890.0,198
402,0.1167,0.39138,2,1,2234.0,80
2273,0.11682,0.44874,2,2,1595.0,52
2022,0.11684,0.4571,2,2,7876.0,86
1172,0.11689,0.4936,2,3,4569.0,167
942,0.11693,0.41751,2,1,5890.0,215
2316,0.11702,0.48529,2,3,752.0,27
387,0.11703,0.38667,2,1,5697.0,131
689,0.11707,0.35,2,1,29.0,3
526,0.11712,0.48651,2,3,4575.0,183
2095,0.11715,0.42698,2,2,3790.0,164
2354,0.11725,0.50038,2,3,4822.0,80
489,0.11729,0.43048,2,2,5867.0,212
1104,0.1173,0.43576,2,2,3378.0,118
540,0.11731,0.40207,2,1,3281.0,93
1684,0.11733,0.50567,2,3,1450.0,50
1764,0.11747,0.44635,2,2,11412.0,135
2236,0.11767,0.49603,2,3,2880.0,219
947,0.11768,0.35759,2,1,2306.0,221
816,0.11777,0.44361,2,2,3469.0,106
2466,0.11779,0.43874,2,2,2582.0,99
1213,0.11781,0.48387,2,3,622.0,46
903,0.11785,0.42112,2,2,2950.0,72
2067,0.1179,0.38983,2,1,120.0,6
1808,0.11801,0.37873,2,1,1824.0,96
1111,0.11805,0.38443,2,1,18895.0,321
1512,0.11809,0.53057,2,4,1674.0,93
310,0.11813,0.58333,2,5,184.0,9
1052,0.11819,0.40404,2,1,232.0,7
1272,0.11823,0.43147,2,2,10019.0,258
576,0.11835,0.39624,2,1,3750.0,167
436,0.11841,0.41379,2,1,2319.0,30
618,0.11842,0.6,2,5,7344.0,544
2416,0.11855,0.45532,2,2,4423.0,110
1945,0.11855,0.46687,2,2,1021.0,19
1629,0.11866,0.4898,2,3,591.0,9
1369,0.11869,0.44939,2,2,3106.0,144
466,0.11887,0.47458,2,3,423.0,17
247,0.11891,0.40456,2,1,1243.0,59
2120,0.11893,0.41575,2,1,1643.0,72
857,0.11893,0.42262,2,2,4041.0,43
690,0.11894,0.47067,2,2,4963.0,273
418,0.11897,0.48051,2,3,6961.0,256
2141,0.11897,0.46246,2,2,5247.0,90
2425,0.119,0.54721,2,4,4361.0,119
2303,0.11903,0.43358,2,2,2159.0,66
1156,0.11914,0.39453,2,1,999.0,29
978,0.11921,0.43323,2,2,3014.0,71
560,0.11929,0.491,2,3,7291.0,326
376,0.11932,0.38174,2,1,4715.0,493
1129,0.11936,0.43092,2,2,2401.0,73
1275,0.11939,0.46667,2,2,138.0,8
534,0.11943,0.42229,2,2,1315.0,465
1619,0.11943,0.42901,2,2,4455.0,185
867,0.11945,0.47559,2,3,6089.0,182
874,0.11947,0.35714,2,1,222.0,5
1954,0.11947,0.37724,2,1,1966.0,143
564,0.11952,0.44747,2,2,842.0,52
1507,0.11956,0.45924,2,2,1499.0,26
1199,0.11974,0.42553,2,2,164.0,7
1281,0.11974,0.49012,2,3,788.0,38
1195,0.11977,0.44986,2,2,1271.0,41
18,0.11978,0.44791,2,2,7119.0,163
1248,0.11981,0.44753,2,2,9091.0,158
242,0.11982,0.41134,2,1,5232.0,87
1682,0.11984,0.38462,2,1,159.0,10
213,0.11992,0.41841,2,1,606.0,9
2126,0.12,0.46499,2,2,4714.0,127
2363,0.12003,0.43866,2,2,844.0,43
1632,0.12011,0.45848,2,2,2105.0,64
432,0.12011,0.45175,2,2,3487.0,257
1408,0.12012,0.4328,2,2,1055.0,57
141,0.12014,0.4596,2,2,448.0,52
1084,0.12016,0.49376,2,3,2363.0,225
621,0.1202,0.4057,2,1,3179.0,142
582,0.12026,0.38798,2,1,5138.0,142
378,0.12028,0.43598,2,2,4715.0,325
1911,0.12047,0.54291,2,4,1601.0,124
35,0.12048,0.51133,2,3,1120.0,60
2186,0.12058,0.43878,2,2,5470.0,113
1613,0.12059,0.44984,2,2,6699.0,136
926,0.12065,0.46844,2,2,7274.0,241
1051,0.12067,0.4375,2,2,2276.0,55
684,0.12069,0.48829,2,3,2053.0,107
2480,0.12074,0.42068,2,2,1716.0,29
1886,0.12077,0.51049,2,3,406.0,31
1128,0.12096,0.44267,2,2,3027.0,234
282,0.12108,0.46465,2,2,4163.0,110
1698,0.1211,0.42925,2,2,1758.0,38
1340,0.1211,0.45361,2,2,513.0,57
2294,0.12127,0.67528,2,5,8382.0,186
1491,0.12132,0.41229,2,1,5636.0,289
237,0.12139,0.51592,2,3,550.0,6
6,0.12144,0.36293,2,1,5996.0,250
322,0.12145,0.43601,2,2,2419.0,71
343,0.12153,0.42953,2,2,1651.0,67
408,0.12157,0.44186,2,2,2471.0,56
898,0.1216,0.46043,2,2,8355.0,315
362,0.12163,0.40104,2,1,2987.0,91
2399,0.12179,0.43939,2,2,188.0,10
1561,0.12181,0.4,2,1,401.0,6
391,0.12189,0.47281,2,3,1413.0,49
1905,0.12193,0.3703,2,1,1773.0,81
1077,0.12193,0.43491,2,2,1493.0,36
1971,0.12208,0.47616,2,3,5297.0,155
1763,0.12215,0.32322,2,1,3919.0,149
486,0.12221,0.46283,2,2,922.0,29
1985,0.12233,0.50368,2,3,8605.0,156
1203,0.12236,0.46409,2,2,6385.0,173
671,0.12248,0.54008,2,4,5090.0,127
537,0.12252,0.45431,2,2,1411.0,45
318,0.12253,0.44573,2,2,1242.0,92
1685,0.12255,0.46548,2,2,1571.0,97
1813,0.12257,0.55422,2,4,233.0,4
1724,0.12258,0.37681,2,1,2627.0,95
108,0.12261,0.46712,2,2,2671.0,62
1415,0.12262,0.4466,2,2,271.0,27
1313,0.12263,0.48739,2,3,1031.0,30
652,0.12269,0.42759,2,2,1800.0,48
1332,0.12274,0.35233,2,1,2047.0,60
606,0.12275,0.43766,2,2,3323.0,97
1666,0.12276,0.53398,2,4,1078.0,82
877,0.12276,0.43893,2,2,3355.0,63
1105,0.12276,0.43038,2,2,500.0,9
2140,0.12283,0.42607,2,2,1568.0,51
451,0.12284,0.36711,2,1,2376.0,161
2258,0.12288,0.4491,2,2,1575.0,49
1346,0.12292,0.39143,2,1,1174.0,80
70,0.12295,0.34043,2,1,76.0,32
1857,0.12297,0.49826,2,3,1755.0,82
1790,0.123,0.34543,2,1,1979.0,47
266,0.12315,0.49695,2,3,3130.0,59
2121,0.12318,0.47253,2,3,5583.0,143
1753,0.12328,0.64471,2,5,2964.0,456
2352,0.12334,0.47783,2,3,1256.0,43
910,0.12334,0.5,2,3,1158.0,34
1263,0.12336,0.42723,2,2,5257.0,126
1829,0.12343,0.40289,2,1,6619.0,320
1280,0.12344,0.69565,2,5,428.0,24
688,0.12349,0.47835,2,3,3208.0,28
1583,0.12351,0.3913,2,1,338.0,20
2311,0.12372,0.5155,2,3,1831.0,58
859,0.12373,0.46701,2,2,7074.0,194
2007,0.12378,0.50104,2,3,8888.0,191
1780,0.12389,0.37884,2,1,1414.0,43
1494,0.1239,0.42182,2,2,2595.0,85
1018,0.12392,0.46103,2,2,2139.0,167
2182,0.12411,0.41796,2,1,1531.0,85
2114,0.12411,0.42169,2,2,3170.0,156
2346,0.12414,0.50233,2,3,1220.0,30
107,0.12417,0.48855,2,3,1223.0,41
2018,0.12423,0.4317,2,2,4038.0,148
1875,0.12429,0.5,2,3,909.0,44
1817,0.12429,0.40811,2,1,1025.0,48
1289,0.12434,0.49819,2,3,1512.0,525
456,0.12444,0.53832,2,4,6314.0,94
349,0.12447,0.46358,2,2,869.0,34
2393,0.12453,0.40481,2,1,4048.0,61
203,0.12459,0.52201,2,4,909.0,42
1134,0.12464,0.41811,2,1,5051.0,51
1537,0.12465,0.46145,2,2,2879.0,148
2101,0.12485,0.45736,2,2,420.0,10
128,0.12485,0.43434,2,2,1381.0,41
1380,0.12486,0.43697,2,2,350.0,25
2403,0.12496,0.48148,2,3,119.0,10
96,0.12509,0.33535,2,1,1182.0,59
1187,0.1251,0.41536,2,1,2996.0,133
1249,0.12511,0.37054,2,1,492.0,23
1683,0.12537,0.41762,2,1,1921.0,86
2122,0.1254,0.42405,2,2,442.0,12
7,0.12544,0.44401,2,2,3400.0,59
397,0.12546,0.44915,2,2,6162.0,248
1378,0.1255,0.43367,2,2,6934.0,121
1536,0.12551,0.50056,2,3,6960.0,164
1345,0.12552,0.49142,2,3,1349.0,56
2315,0.12553,0.35185,2,1,266.0,9
2401,0.12577,0.40458,2,1,727.0,67
381,0.1258,0.52893,2,4,3121.0,93
64,0.12581,0.40397,2,1,3918.0,264
2452,0.12581,0.42179,2,2,3060.0,146
932,0.12584,0.42919,2,2,5846.0,158
1459,0.12589,0.50381,2,3,4769.0,79
2453,0.12594,0.40462,2,1,4552.0,110
1402,0.12595,0.40537,2,1,2246.0,165
1596,0.12599,0.48541,2,3,2155.0,28
1649,0.12607,0.43132,2,2,1132.0,48
2264,0.12609,0.44582,2,2,16961.0,315
113,0.12611,0.52636,2,4,15325.0,223
2156,0.12613,0.48303,2,3,5874.0,108
2463,0.12615,0.52459,2,4,158.0,12
1374,0.12617,0.37838,2,1,2842.0,99
2004,0.12617,0.46865,2,2,10054.0,248
575,0.12619,0.4971,2,3,11771.0,356
1677,0.12637,0.45817,2,2,12560.0,193
728,0.12641,0.46688,2,2,10733.0,475
369,0.12643,0.40669,2,1,1035.0,35
2492,0.12645,0.48987,2,3,2859.0,133
330,0.12645,0.44819,2,2,1679.0,189
949,0.12646,0.51463,2,3,5800.0,134
2248,0.12648,0.50641,2,3,937.0,26
390,0.12649,0.40444,2,1,1806.0,108
889,0.12652,0.53598,2,4,12983.0,216
1159,0.12653,0.51035,2,3,4469.0,233
863,0.1267,0.52913,2,4,2184.0,146
1294,0.12673,0.44905,2,2,4829.0,56
2455,0.12678,0.4725,2,3,5339.0,109
605,0.12684,0.5086,2,3,5856.0,128
1268,0.12686,0.50642,2,3,3014.0,71
384,0.12692,0.51349,2,3,3915.0,80
28,0.12694,0.44113,2,2,2120.0,125
1755,0.12694,0.46154,2,2,1203.0,31
1180,0.127,0.52162,2,4,5430.0,166
156,0.12716,0.6559,2,5,5224.0,587
2211,0.12722,0.48664,2,3,2293.0,78
1505,0.12732,0.5145,2,3,4053.0,103
1627,0.12732,0.46221,2,2,3484.0,114
2069,0.12739,0.41007,2,1,2068.0,89
2083,0.12766,0.44126,2,2,8308.0,383
244,0.12773,0.44893,2,2,1699.0,41
1889,0.12782,0.47378,2,3,1804.0,46
601,0.12788,0.50397,2,3,5241.0,79
135,0.12788,0.41391,2,1,718.0,74
2360,0.12788,0.52197,2,4,9395.0,343
283,0.12791,0.50438,2,3,6023.0,78
698,0.12802,0.55166,2,4,1204.0,127
2499,0.12808,0.50858,2,3,3394.0,90
1502,0.12813,0.50708,2,3,2161.0,47
192,0.12816,0.46406,2,2,3778.0,95
1652,0.1283,0.44689,2,2,946.0,39
858,0.12832,0.44915,2,2,594.0,42
708,0.12834,0.4494,2,2,2828.0,68
1693,0.12849,0.48775,2,3,8355.0,164
2419,0.12853,0.43719,2,2,1199.0,65
1070,0.12854,0.51018,2,3,5187.0,177
1551,0.12855,0.43509,2,2,800.0,18
269,0.12858,0.44711,2,2,1765.0,84
200,0.12864,0.44913,2,2,1167.0,80
1940,0.12866,0.38502,2,1,2393.0,75
1625,0.12879,0.41667,2,1,465.0,41
928,0.12881,0.5707,2,4,3572.0,137
1060,0.12886,0.53788,2,4,6097.0,64
677,0.12889,0.43462,2,2,1601.0,45
354,0.129,0.43389,2,2,8730.0,157
1040,0.12901,0.51075,2,3,5665.0,229
904,0.12901,0.49141,2,3,890.0,31
184,0.12907,0.4638,2,2,7090.0,257
578,0.12911,0.4984,2,3,2997.0,117
212,0.12913,0.43823,2,2,3053.0,109
1821,0.12917,0.46268,2,2,4937.0,128
2464,0.12926,0.45383,2,2,1121.0,51
1716,0.12929,0.4537,2,2,1950.0,180
1676,0.1294,0.46459,2,2,5203.0,97
2103,0.12947,0.34043,2,1,361.0,30
586,0.12949,0.45063,2,2,5823.0,211
1628,0.12953,0.44025,2,2,547.0,18
1976,0.12956,0.46633,2,2,3547.0,165
2020,0.12964,0.4216,2,2,8458.0,252
2340,0.12968,0.46126,2,2,2997.0,149
517,0.12972,0.46053,2,2,3743.0,105
2015,0.12975,0.44848,2,2,6629.0,122
1601,0.12975,0.41366,2,1,1289.0,23
1718,0.1299,0.47163,2,3,869.0,35
1495,0.12991,0.35962,2,1,1780.0,165
1461,0.12991,0.46927,2,2,7246.0,290
845,0.12991,0.48713,2,3,5097.0,117
2405,0.12995,0.5304,2,4,3426.0,151
2079,0.12997,0.3678,2,1,4803.0,120
399,0.12998,0.47266,2,3,978.0,17
742,0.13002,0.43076,2,2,3951.0,328
1460,0.13002,0.48148,2,3,2456.0,57
758,0.13007,0.57426,2,5,345.0,17
1967,0.13012,0.52711,2,4,1803.0,73
353,0.13016,0.40422,2,1,3799.0,125
1515,0.13023,0.4654,2,2,4158.0,99
1151,0.13025,0.4053,2,1,2809.0,159
58,0.13048,0.53363,2,4,10367.0,268
568,0.1305,0.40942,2,1,8613.0,180
1182,0.13055,0.44478,2,2,1966.0,124
1441,0.13057,0.49194,2,3,401.0,13
1465,0.13063,0.48318,2,3,1039.0,56
1426,0.13064,0.48459,2,3,2331.0,65
691,0.1307,0.49658,2,3,2511.0,54
870,0.13071,0.51648,2,4,241.0,12
834,0.13082,0.56048,2,4,946.0,28
370,0.13083,0.47382,2,3,3387.0,133
1678,0.13088,0.44792,2,2,2614.0,79
2483,0.13098,0.45092,2,2,1771.0,83
894,0.13105,0.43889,2,2,1095.0,31
323,0.13107,0.48148,2,3,157.0,14
1020,0.13108,0.48288,2,3,9561.0,171
1770,0.13109,0.45916,2,2,8793.0,477
1532,0.13112,0.358,2,1,1916.0,86
876,0.13114,0.50755,2,3,5899.0,200
2080,0.13127,0.54003,2,4,5704.0,130
1703,0.13129,0.41816,2,1,4649.0,233
445,0.13135,0.3895,2,1,2697.0,232
360,0.13136,0.42473,2,2,448.0,37
1671,0.1314,0.46727,2,2,1420.0,38
160,0.1315,0.42586,2,2,1536.0,57
1514,0.13153,0.49829,2,3,2355.0,57
1756,0.13164,0.44189,2,2,3344.0,67
194,0.13165,0.41693,2,1,1883.0,73
888,0.13166,0.55239,2,4,8689.0,79
75,0.13177,0.56277,2,4,1167.0,64
2213,0.13178,0.45154,2,2,3505.0,55
1957,0.13178,0.45263,2,2,1994.0,44
1264,0.13178,0.46373,2,2,6459.0,132
919,0.13179,0.40613,2,1,1469.0,135
2290,0.13185,0.51034,2,3,917.0,70
5,0.13186,0.53153,2,4,779.0,40
1858,0.13187,0.42796,2,2,2860.0,67
1471,0.13188,0.6375,2,5,487.0,32
1930,0.13201,0.46409,2,2,2675.0,182
2334,0.13204,0.47303,2,3,11955.0,361
1951,0.13209,0.40714,2,1,561.0,18
1974,0.13212,0.48271,2,3,5266.0,198
2089,0.13216,0.36364,2,1,160.0,34
44,0.13222,0.49544,2,3,878.0,32
1041,0.13224,0.40987,2,1,7157.0,291
2461,0.13225,0.43842,2,2,1051.0,22
468,0.13232,0.43737,2,2,5836.0,334
558,0.13236,0.44665,2,2,2426.0,115
1563,0.13238,0.44726,2,2,4755.0,113
752,0.1324,0.45411,2,2,3793.0,106
510,0.13244,0.50874,2,3,7903.0,346
1245,0.13244,0.40421,2,1,4469.0,254
848,0.13245,0.48897,2,3,2684.0,29
602,0.13247,0.5591,2,4,1850.0,53
2098,0.13251,0.49554,2,3,682.0,13
1292,0.1326,0.34463,2,1,520.0,27
2475,0.13271,0.52448,2,4,5079.0,124
1406,0.13277,0.49109,2,3,3790.0,116
995,0.13277,0.47545,2,3,1217.0,21
1208,0.13283,0.44266,2,2,1078.0,54
573,0.13304,0.4959,2,3,3112.0,102
2357,0.13305,0.32099,2,1,234.0,29
938,0.13307,0.4502,2,2,1647.0,26
1449,0.13318,0.44156,2,2,406.0,39
1109,0.13326,0.50945,2,3,3059.0,87
622,0.13327,0.4782,2,3,2384.0,147
2388,0.13331,0.56336,2,4,1703.0,63
1936,0.13347,0.5141,2,3,5030.0,463
314,0.13348,0.4834,2,3,3004.0,41
913,0.13356,0.49053,2,3,1831.0,69
1147,0.13357,0.46499,2,2,3779.0,57
1906,0.13367,0.51717,2,4,8632.0,163
2206,0.13374,0.46698,2,2,502.0,41
1228,0.13374,0.68388,2,5,14504.0,797
653,0.13378,0.51272,2,3,10823.0,228
383,0.13378,0.42128,2,2,5763.0,150
952,0.13385,0.51529,2,3,2201.0,111
1707,0.13387,0.53619,2,4,6580.0,749
644,0.13388,0.46297,2,2,3772.0,214
1481,0.13392,0.50821,2,3,3299.0,164
1312,0.13403,0.49742,2,3,5056.0,134
1901,0.13409,0.4355,2,2,11462.0,852
966,0.13413,0.22,2,1,202.0,16
757,0.13414,0.4717,2,3,2023.0,40
72,0.13415,0.50986,2,3,6473.0,107
476,0.13424,0.49351,2,3,1551.0,29
553,0.13431,0.47411,2,3,7259.0,265
178,0.13435,0.53125,2,4,2028.0,119
1624,0.13435,0.42254,2,2,1568.0,82
312,0.13435,0.46698,2,2,2578.0,40
493,0.13441,0.51006,2,3,4926.0,196
2337,0.13447,0.38137,2,1,11704.0,1210
396,0.13448,0.42088,2,2,1791.0,107
2086,0.13448,0.49701,2,3,6270.0,575
83,0.13448,0.39889,2,1,1184.0,110
1412,0.13454,0.44171,2,2,4053.0,77
344,0.13456,0.47218,2,3,2238.0,48
154,0.13456,0.61679,2,5,867.0,30
1611,0.13458,0.50345,2,3,677.0,51
838,0.13459,0.49223,2,3,385.0,32
670,0.1346,0.5064,2,3,5686.0,192
1816,0.13463,0.54692,2,4,3870.0,160
765,0.1348,0.52941,2,4,1587.0,30
808,0.13492,0.46071,2,2,2318.0,206
420,0.135,0.47733,2,3,2131.0,99
2194,0.13502,0.47991,2,3,7170.0,404
1500,0.13504,0.41888,2,1,1051.0,54
1149,0.13506,0.27778,2,1,308.0,17
2198,0.13506,0.50315,2,3,7206.0,403
1953,0.13526,0.3913,2,1,2723.0,113
157,0.13535,0.48312,2,3,2749.0,172
2446,0.13535,0.51743,2,4,6456.0,190
317,0.13555,0.43948,2,2,6083.0,61
1179,0.13557,0.63079,2,5,9428.0,205
2338,0.13573,0.49488,2,3,2112.0,69
2268,0.13577,0.52525,2,4,669.0,23
426,0.13589,0.53565,2,4,7861.0,228
71,0.13605,0.54902,2,4,3376.0,90
469,0.13606,0.47416,2,3,7748.0,165
254,0.13609,0.4264,2,2,442.0,43
1783,0.13614,0.50139,2,3,4126.0,91
1316,0.13615,0.44905,2,2,3736.0,58
1965,0.13621,0.52445,2,4,4143.0,163
1955,0.13626,0.53059,2,4,7635.0,156
1059,0.13644,0.45714,3,2,73.0,5
711,0.13645,0.55833,3,4,430.0,36
2364,0.13646,0.48547,3,3,7414.0,117
825,0.13658,0.52538,3,4,11835.0,242
1014,0.13663,0.43881,3,2,4200.0,161
1383,0.13665,0.42886,3,2,1533.0,128
1735,0.1367,0.44251,3,2,3903.0,93
2144,0.13675,0.46503,3,2,2266.0,49
139,0.13677,0.44455,3,2,3073.0,83
925,0.13678,0.43333,3,2,485.0,79
1125,0.13684,0.60191,3,5,691.0,89
1140,0.13684,0.53177,3,4,1164.0,21
1554,0.13685,0.47644,3,3,983.0,46
2367,0.13687,0.44681,3,2,4496.0,142
1237,0.13689,0.38416,3,1,1051.0,20
970,0.13693,0.57732,3,5,691.0,15
712,0.13693,0.43903,3,2,11711.0,256
498,0.13699,0.50923,3,3,904.0,58
287,0.13708,0.478,3,3,3229.0,271
1123,0.13712,0.46988,3,2,3916.0,73
175,0.13716,0.48671,3,3,1154.0,51
1486,0.13716,0.38095,3,1,548.0,14
472,0.13717,0.49044,3,3,8296.0,96
685,0.13718,0.44599,3,2,6020.0,201
1498,0.13724,0.39316,3,1,960.0,26
598,0.13726,0.47894,3,3,3355.0,213
225,0.13726,0.48364,3,3,730.0,44
820,0.13726,0.48448,3,3,4604.0,208
499,0.13728,0.58719,3,5,753.0,70
2210,0.13732,0.44773,3,2,1728.0,34
411,0.13737,0.42328,3,2,6697.0,158
2234,0.13745,0.4501,3,2,7972.0,192
1644,0.13747,0.43956,3,2,397.0,26
1728,0.1376,0.58278,3,5,1517.0,21
2314,0.13772,0.50678,3,3,5078.0,86
631,0.13778,0.48154,3,3,9278.0,483
82,0.1378,0.33871,3,1,567.0,51
940,0.13782,0.51336,3,3,1262.0,65
233,0.13785,0.49697,3,3,645.0,15
78,0.13787,0.43834,3,2,2505.0,210
449,0.13787,0.56432,3,4,827.0,34
787,0.13792,0.42635,3,2,2505.0,190
114,0.13794,0.45712,3,2,3316.0,88
1405,0.13801,0.47507,3,3,2481.0,55
831,0.13808,0.51052,3,3,8831.0,166
129,0.13815,0.42857,3,2,476.0,40
1894,0.13822,0.52894,3,4,2335.0,42
1804,0.1383,0.48365,3,3,10251.0,311
1772,0.13832,0.47818,3,3,2453.0,97
1908,0.13835,0.47985,3,3,714.0,38
2495,0.13843,0.5,3,3,209.0,20
549,0.13848,0.4811,3,3,2299.0,98
1774,0.13855,0.44236,3,2,5012.0,66
1470,0.13858,0.5,3,3,1991.0,133
1873,0.1386,0.50176,3,3,5687.0,269
916,0.13864,0.49204,3,3,3765.0,206
2418,0.13867,0.4867,3,3,1573.0,113
662,0.13868,0.55297,3,4,1382.0,39
557,0.13873,0.43023,3,2,718.0,29
2010,0.13882,0.46183,3,2,1606.0,58
1937,0.13882,0.52735,3,4,6742.0,158
806,0.13883,0.48859,3,3,5875.0,125
1956,0.13885,0.49823,3,3,2175.0,60
57,0.13886,0.45225,3,2,3106.0,194
775,0.1389,0.48378,3,3,1121.0,33
1681,0.13892,0.48848,3,3,2602.0,90
2188,0.13892,0.48473,3,3,3917.0,129
2132,0.13894,0.47222,3,3,576.0,42
2473,0.13894,0.55769,3,4,331.0,9
912,0.13904,0.43516,3,2,1164.0,20
1741,0.13904,0.41667,3,1,162.0,15
2028,0.13912,0.53707,3,4,1985.0,91
696,0.13916,0.49858,3,3,14716.0,326
2116,0.13921,0.51329,3,3,12228.0,224
1995,0.13934,0.52279,3,4,15332.0,154
30,0.13941,0.61644,3,5,623.0,28
1079,0.13957,0.47418,3,3,1001.0,50
39,0.13975,0.49543,3,3,5034.0,64
591,0.13978,0.50574,3,3,13535.0,325
846,0.13985,0.49737,3,3,1121.0,34
1972,0.13996,0.45497,3,2,2436.0,120
1818,0.13998,0.50223,3,3,1333.0,72
969,0.14004,0.55814,3,4,312.0,8
2493,0.14009,0.46953,3,2,2589.0,111
583,0.1401,0.46824,3,2,3063.0,156
964,0.14014,0.45963,3,2,2045.0,88
1777,0.14016,0.42759,3,2,1170.0,75
1261,0.14016,0.50606,3,3,3778.0,228
15,0.14021,0.40453,3,1,973.0,55
155,0.14044,0.55289,3,4,2101.0,52
918,0.14046,0.55412,3,4,3135.0,152
2113,0.1405,0.4808,3,3,1599.0,60
1434,0.14053,0.47209,3,3,4160.0,220
1056,0.14056,0.47309,3,3,4871.0,66
854,0.14058,0.49115,3,3,552.0,36
2485,0.14063,0.50957,3,3,1502.0,82
1769,0.14063,0.42703,3,2,7447.0,156
496,0.14065,0.42276,3,2,648.0,13
1192,0.14065,0.5558,3,4,1483.0,100
563,0.1407,0.52375,3,4,2489.0,72
2078,0.1407,0.44325,3,2,2324.0,92
1640,0.14078,0.55718,3,4,4410.0,151
305,0.14092,0.52328,3,4,3827.0,141
1879,0.14102,0.34887,3,1,4862.0,274
2426,0.14104,0.63165,3,5,2437.0,115
2484,0.14109,0.49436,3,3,7825.0,157
2041,0.14112,0.53087,3,4,6407.0,152
1909,0.1412,0.33921,3,1,547.0,22
620,0.14129,0.62617,3,5,305.0,19
1669,0.14132,0.45745,3,2,298.0,10
1397,0.14135,0.44464,3,2,5708.0,283
1361,0.14152,0.46117,3,2,609.0,11
487,0.14154,0.5,3,3,134.0,9
814,0.14167,0.54577,3,4,774.0,23
2254,0.14168,0.48866,3,3,1270.0,80
2292,0.14172,0.44576,3,2,1336.0,116
1234,0.1418,0.52063,3,4,5548.0,94
909,0.14183,0.61534,3,5,12415.0,713
2297,0.1419,0.34944,3,1,698.0,45
503,0.14195,0.5154,3,3,4724.0,151
730,0.14198,0.50606,3,3,1112.0,92
2092,0.14207,0.50771,3,3,2291.0,122
1630,0.14209,0.4521,3,2,9265.0,188
2047,0.14211,0.48361,3,3,4816.0,119
1454,0.14217,0.43717,3,2,4934.0,154
1190,0.14222,0.52073,3,4,3327.0,253
1118,0.14236,0.42105,3,2,946.0,16
1271,0.14237,0.45557,3,2,4156.0,132
26,0.14238,0.39952,3,1,1937.0,113
1475,0.14242,0.47481,3,3,14855.0,339
634,0.14246,0.52564,3,4,1555.0,35
2129,0.14248,0.69703,3,5,7165.0,163
1719,0.1425,0.47654,3,3,3402.0,83
1054,0.14252,0.49718,3,3,1035.0,41
346,0.14253,0.45642,3,2,5351.0,124
1912,0.14256,0.45902,3,2,2256.0,96
1963,0.14257,0.51714,3,4,2542.0,50
556,0.14259,0.57595,3,5,694.0,15
262,0.14264,0.64234,3,5,4802.0,218
2216,0.14273,0.44099,3,2,455.0,34
1363,0.14274,0.45703,3,2,4075.0,58
1651,0.14281,0.44975,3,2,2025.0,65
1017,0.14282,0.47208,3,3,3436.0,63
2296,0.14283,0.45617,3,2,13405.0,230
2208,0.14293,0.45468,3,2,9457.0,193
981,0.14295,0.49474,3,3,1394.0,36
1882,0.14297,0.53741,3,4,406.0,26
2175,0.14299,0.51205,3,3,610.0,17
1650,0.14305,0.34783,3,1,2259.0,106
2368,0.14305,0.46491,3,2,1378.0,27
1943,0.14309,0.50165,3,3,5117.0,212
1,0.14311,0.43949,3,2,4330.0,86
686,0.14311,0.41304,3,1,535.0,21
945,0.14323,0.44732,3,2,1926.0,51
1045,0.14324,0.55947,3,4,4893.0,295
202,0.14329,0.40304,3,1,965.0,37
246,0.14342,0.51003,3,3,847.0,47
1286,0.14343,0.51381,3,3,595.0,30
25,0.14344,0.59176,3,5,3150.0,94
1496,0.14355,0.42177,3,2,853.0,12
2375,0.14363,0.47919,3,3,2841.0,114
2436,0.14369,0.68551,3,5,973.0,15
869,0.1437,0.42413,3,2,1429.0,130
1988,0.1437,0.51904,3,4,7908.0,184
1591,0.14371,0.4987,3,3,4845.0,111
955,0.14373,0.46287,3,2,4054.0,274
2238,0.1438,0.49235,3,3,2479.0,180
1856,0.14383,0.63412,3,5,4662.0,459
1823,0.14385,0.55179,3,4,12269.0,377
301,0.14389,0.5188,3,4,7212.0,81
1899,0.14397,0.53181,3,4,11277.0,69
1302,0.14408,0.5163,3,3,758.0,36
1152,0.14409,0.52973,3,4,1306.0,77
437,0.14419,0.49172,3,3,5916.0,90
1658,0.14434,0.57653,3,5,1779.0,69
974,0.14446,0.504,3,3,1993.0,43
271,0.14447,0.59882,3,5,1376.0,98
950,0.14449,0.48933,3,3,2027.0,58
99,0.14449,0.69513,3,5,6926.0,255
2456,0.14451,0.4915,3,3,1271.0,76
1163,0.14451,0.55487,3,4,4808.0,153
1455,0.14451,0.48718,3,3,820.0,14
2131,0.14459,0.66019,3,5,3983.0,140
2056,0.1446,0.44557,3,2,2451.0,108
1379,0.14463,0.5187,3,4,13995.0,509
484,0.14473,0.54754,3,4,2965.0,137
2382,0.14484,0.48207,3,3,823.0,36
100,0.14488,0.53571,3,4,2295.0,33
1535,0.14489,0.42645,3,2,8454.0,247
1545,0.14493,0.41726,3,1,3949.0,174
1019,0.14495,0.43413,3,2,1554.0,53
1009,0.14496,0.29268,3,1,126.0,23
629,0.14496,0.46324,3,2,377.0,27
612,0.145,0.50845,3,3,3979.0,144
1784,0.14504,0.47247,3,3,1981.0,40
1990,0.14505,0.54505,3,4,4593.0,131
2281,0.14514,0.51328,3,3,5009.0,105
1225,0.14515,0.48855,3,3,1415.0,76
864,0.14516,0.48956,3,3,7893.0,109
1058,0.14525,0.69398,3,5,3280.0,563
1710,0.14532,0.43612,3,2,11985.0,215
1815,0.14535,0.57895,3,5,4405.0,89
2417,0.14553,0.41538,3,1,196.0,9
1279,0.14559,0.39644,3,1,4793.0,199
142,0.1456,0.48329,3,3,2324.0,176
2402,0.14563,0.4555,3,2,1089.0,36
2130,0.14568,0.46395,3,2,6060.0,97
800,0.14576,0.4636,3,2,10427.0,443
211,0.14584,0.4573,3,2,2244.0,112
1467,0.14587,0.52402,3,4,2958.0,835
1366,0.1461,0.53491,3,4,4243.0,256
1597,0.14614,0.4586,3,2,802.0,54
2299,0.14618,0.45701,3,2,2058.0,62
2,0.14633,0.45798,3,2,1954.0,45
34,0.14635,0.5,3,3,407.0,36
1071,0.14646,0.44937,3,2,2052.0,84
232,0.14648,0.63699,3,5,12696.0,631
1917,0.14651,0.52475,3,4,6788.0,291
1236,0.14655,0.48777,3,3,3993.0,194
359,0.14655,0.44286,3,2,173.0,2
843,0.14659,0.49723,3,3,2619.0,74
660,0.14662,0.46965,3,2,7954.0,168
639,0.14673,0.36308,3,1,760.0,79
1216,0.14674,0.4776,3,3,5304.0,134
249,0.14676,0.56952,3,4,2823.0,137
110,0.1469,0.5164,3,4,3461.0,185
2366,0.14698,0.59614,3,5,5500.0,168
1219,0.14708,0.39773,3,1,823.0,121
2349,0.14709,0.54519,3,4,2100.0,72
2318,0.14713,0.46874,3,2,10686.0,366
674,0.14713,0.47986,3,3,4728.0,139
2031,0.14724,0.38889,3,1,306.0,15
132,0.14739,0.43996,3,2,2875.0,98
371,0.14743,0.48527,3,3,15717.0,161
693,0.14748,0.50667,3,3,6379.0,209
2267,0.14759,0.5354,3,4,2304.0,67
2312,0.14761,0.43336,3,2,14683.0,321
1577,0.14766,0.51093,3,3,3795.0,82
1404,0.14774,0.49631,3,3,1248.0,44
1904,0.14778,0.48485,3,3,304.0,28
597,0.14783,0.50657,3,3,3826.0,100
2134,0.14783,0.42512,3,2,9130.0,89
1331,0.1479,0.429,3,2,1821.0,105
1933,0.14793,0.52851,3,4,2180.0,85
1244,0.14793,0.54378,3,4,603.0,34
465,0.14794,0.49432,3,3,383.0,44
1617,0.14797,0.49425,3,3,4068.0,104
879,0.14809,0.53681,3,4,2449.0,96
734,0.1482,0.43827,3,2,1320.0,76
430,0.14822,0.50865,3,3,2377.0,107
812,0.14834,0.53161,3,4,1165.0,93
2030,0.14837,0.49498,3,3,2628.0,90
1214,0.14843,0.51852,3,4,123.0,7
1762,0.14848,0.54818,3,4,15360.0,344
102,0.14849,0.38679,3,1,305.0,8
1287,0.14856,0.43441,3,2,2818.0,159
1394,0.14856,0.43824,3,2,4392.0,151
763,0.14857,0.47435,3,3,2816.0,40
1309,0.1486,0.5,3,3,158.0,9
2431,0.14873,0.38642,3,1,979.0,43
1927,0.14876,0.46455,3,2,5097.0,98
1878,0.14879,0.50467,3,3,626.0,35
2410,0.1488,0.46629,3,2,2637.0,63
1599,0.14884,0.45163,3,2,6161.0,182
278,0.1489,0.51318,3,3,2054.0,84
545,0.14894,0.54559,3,4,2660.0,56
766,0.14895,0.51171,3,3,8350.0,122
1578,0.149,0.50254,3,3,2847.0,94
1089,0.14927,0.50612,3,3,2405.0,96
2384,0.14928,0.47535,3,3,801.0,19
1672,0.14931,0.38942,3,1,1718.0,75
1929,0.14933,0.43892,3,2,4396.0,62
1012,0.14934,0.49663,3,3,2343.0,121
1247,0.14934,0.4156,3,1,6640.0,123
1513,0.14936,0.48944,3,3,932.0,64
223,0.1494,0.55352,3,4,2739.0,118
617,0.14942,0.45631,3,2,1316.0,27
2420,0.14944,0.47959,3,3,4583.0,102
737,0.14948,0.41426,3,1,1594.0,52
525,0.1496,0.42949,3,2,903.0,40
1372,0.14966,0.55765,3,4,1337.0,25
1732,0.14973,0.48703,3,3,3427.0,98
2179,0.14976,0.48372,3,3,1452.0,46
1542,0.1498,0.4657,3,2,1970.0,116
641,0.14983,0.48482,3,3,13222.0,355
1579,0.14984,0.55867,3,4,12695.0,600
368,0.14995,0.51524,3,3,1346.0,53
1673,0.15017,0.5494,3,4,4774.0,110
789,0.15018,0.45133,3,2,370.0,26
2470,0.15025,0.52235,3,4,1042.0,91
1305,0.15026,0.53631,3,4,7553.0,373
1354,0.15026,0.55226,3,4,2535.0,87
2287,0.15027,0.48264,3,3,834.0,33
1133,0.15042,0.47786,3,3,1378.0,115
36,0.15042,0.53054,3,4,4898.0,221
1520,0.15042,0.68458,3,5,3839.0,142
475,0.15044,0.53654,3,4,1525.0,41
1166,0.15044,0.56293,3,4,12301.0,409
2376,0.15051,0.55373,3,4,3925.0,183
850,0.15064,0.47486,3,3,1253.0,97
2500,0.15067,0.52628,3,4,5486.0,113
673,0.15069,0.50467,3,3,705.0,50
566,0.1507,0.57143,3,4,1218.0,146
1958,0.15074,0.49448,3,3,1018.0,35
2017,0.15076,0.50621,3,3,7107.0,170
2102,0.15079,0.42244,3,2,3620.0,106
1895,0.15082,0.60674,3,5,928.0,49
1370,0.15083,0.4851,3,3,8532.0,86
1399,0.15094,0.52533,3,4,1033.0,33
1662,0.15102,0.3905,3,1,8618.0,83
300,0.15104,0.46589,3,2,4974.0,107
462,0.15116,0.48969,3,3,1511.0,97
173,0.15118,0.34568,3,1,235.0,10
2472,0.1512,0.38551,3,1,1221.0,42
1138,0.15122,0.41575,3,1,4546.0,212
414,0.15132,0.45502,3,2,2489.0,153
1961,0.15136,0.55921,3,4,1634.0,92
416,0.15138,0.51336,3,3,2177.0,29
1819,0.15142,0.52542,3,4,1446.0,68
1085,0.15143,0.5564,3,4,4806.0,106
1135,0.15147,0.53448,3,4,749.0,64
803,0.15149,0.48365,3,3,2037.0,65
1729,0.15149,0.63546,3,5,2911.0,85
862,0.15155,0.4843,3,3,1754.0,71
2214,0.15158,0.50394,3,3,451.0,15
315,0.15158,0.47619,3,3,182.0,11
297,0.15159,0.52007,3,4,3536.0,114
1529,0.15161,0.5075,3,3,9026.0,244
1807,0.15169,0.45705,3,2,7773.0,212
209,0.15172,0.54914,3,4,6877.0,196
1002,0.15176,0.46747,3,2,974.0,30
1291,0.15177,0.50909,3,3,3290.0,103
1822,0.1518,0.46621,3,2,3516.0,218
2343,0.1518,0.56227,3,4,4627.0,240
994,0.15184,0.40179,3,1,581.0,21
2014,0.15187,0.48516,3,3,1490.0,44
1469,0.15196,0.40781,3,1,1160.0,44
2151,0.15197,0.47531,3,3,834.0,41
1257,0.15202,0.52818,3,4,1389.0,31
1306,0.15204,0.4433,3,2,3042.0,171
702,0.15208,0.44599,3,2,8206.0,276
683,0.1522,0.375,3,1,170.0,9
1524,0.15224,0.48471,3,3,2801.0,60
2013,0.15227,0.42418,3,2,1182.0,94
54,0.15236,0.47059,3,2,103.0,11
1503,0.15239,0.46154,3,2,118.0,18
1587,0.15241,0.50362,3,3,715.0,68
48,0.1526,0.5042,3,3,1173.0,50
659,0.15269,0.46939,3,2,761.0,32
121,0.15279,0.49247,3,3,2226.0,112
2223,0.1528,0.46126,3,2,2060.0,300
1946,0.15283,0.50783,3,3,3312.0,49
2304,0.15285,0.7381,3,5,240.0,88
2491,0.15289,0.47222,3,3,951.0,62
2061,0.15293,0.36842,3,1,227.0,18
1948,0.15295,0.48715,3,3,1602.0,83
2001,0.15297,0.62069,3,5,1214.0,35
1647,0.15299,0.40741,3,1,50.0,12
1775,0.153,0.56804,3,4,9485.0,211
46,0.153,0.51129,3,3,8433.0,137
1939,0.15304,0.58096,3,5,3785.0,75
2319,0.15308,0.53346,3,4,1149.0,117
1874,0.15316,0.49388,3,3,834.0,33
593,0.15324,0.39748,3,1,646.0,57
1598,0.15334,0.55088,3,4,11517.0,445
55,0.15337,0.62338,3,5,1073.0,141
1120,0.15339,0.50368,3,3,1738.0,87
272,0.15345,0.55385,3,4,402.0,7
1594,0.15359,0.53563,3,4,2986.0,118
656,0.1536,0.46387,3,2,5040.0,95
1519,0.15362,0.51066,3,3,2426.0,30
1376,0.15367,0.55826,3,4,11041.0,235
93,0.15381,0.57345,3,5,3347.0,106
2263,0.15382,0.53736,3,4,5764.0,460
2042,0.15385,0.50319,3,3,4809.0,29
899,0.15401,0.2987,3,1,315.0,12
2395,0.15401,0.50717,3,3,5262.0,227
920,0.15407,0.53217,3,4,5887.0,238
1150,0.15409,0.44523,3,2,845.0,14
2240,0.1542,0.49855,3,3,5413.0,216
819,0.1542,0.47917,3,3,162.0,6
1328,0.15425,0.4113,3,1,2545.0,96
2093,0.15428,0.50877,3,3,491.0,19
1326,0.15435,0.51597,3,3,8831.0,394
69,0.15438,0.46345,3,2,5704.0,183
666,0.15446,0.50917,3,3,1021.0,100
442,0.15447,0.64883,3,5,3095.0,214
2247,0.15449,0.47452,3,3,3993.0,90
2037,0.1545,0.46273,3,2,1744.0,97
275,0.15451,0.54473,3,4,6285.0,321
2408,0.15453,0.46154,3,2,2108.0,26
2478,0.15456,0.44099,3,2,3354.0,146
2019,0.15459,0.65851,3,5,13161.0,337
434,0.15463,0.46318,3,2,3779.0,117
1364,0.15468,0.48904,3,3,2466.0,145
37,0.15474,0.53406,3,4,2977.0,63
1233,0.15474,0.57749,3,5,1779.0,38
263,0.15481,0.42557,3,2,5870.0,325
1094,0.15484,0.55543,3,4,5936.0,95
377,0.1549,0.46807,3,2,3166.0,133
1593,0.15492,0.53175,3,4,1789.0,43
1367,0.15494,0.59642,3,5,12125.0,352
1356,0.15504,0.45345,3,2,2239.0,86
1456,0.15516,0.48328,3,3,1507.0,69
1827,0.15528,0.48507,3,3,682.0,41
1776,0.15535,0.58733,3,5,3724.0,231
533,0.15536,0.444,3,2,2793.0,64
2091,0.15536,0.50719,3,3,835.0,15
2049,0.1556,0.5193,3,4,998.0,36
1896,0.1556,0.58193,3,5,3378.0,129
1606,0.1558,0.50658,3,3,1132.0,21
97,0.15584,0.59461,3,5,5324.0,180
2249,0.15585,0.67188,3,5,182.0,3
1862,0.15591,0.41424,3,1,2210.0,142
215,0.156,0.49153,3,3,1673.0,142
1185,0.15602,0.53226,3,4,1334.0,61
1806,0.15603,0.44884,3,2,3980.0,139
1916,0.15605,0.45278,3,2,2886.0,150
1550,0.15608,0.40828,3,1,2542.0,338
1812,0.15612,0.46772,3,2,1949.0,104
125,0.15615,0.63592,3,5,10601.0,358
1706,0.15617,0.49102,3,3,360.0,18
710,0.15618,0.42995,3,2,3724.0,229
1968,0.1562,0.50894,3,3,2480.0,89
1298,0.15629,0.49754,3,3,1488.0,50
103,0.15637,0.512,3,3,542.0,51
957,0.15651,0.46529,3,2,3755.0,576
56,0.1566,0.46415,3,2,6692.0,201
1506,0.15661,0.48712,3,3,2389.0,144
1241,0.15663,0.53541,3,4,2041.0,91
827,0.15668,0.53125,3,4,327.0,20
385,0.15671,0.55023,3,4,2930.0,41
1308,0.15683,0.5037,3,3,321.0,23
1282,0.15689,0.46974,3,2,5957.0,203
795,0.15691,0.52092,3,4,1296.0,45
1300,0.15698,0.52223,3,4,2960.0,84
2306,0.15702,0.55263,3,4,62.0,8
2199,0.15706,0.59041,3,5,5639.0,155
1546,0.1571,0.56863,3,4,4095.0,113
1098,0.15716,0.66547,3,5,9501.0,449
722,0.15727,0.56825,3,4,6438.0,136
1277,0.15728,0.56348,3,4,5901.0,328
2053,0.1573,0.53074,3,4,3351.0,165
1445,0.15741,0.47331,3,3,5131.0,178
2342,0.15743,0.6043,3,5,5934.0,196
1636,0.15763,0.53243,3,4,1198.0,22
1086,0.15764,0.53316,3,4,1189.0,30
313,0.15773,0.55263,3,4,93.0,4
293,0.15775,0.47198,3,3,3958.0,108
1484,0.15778,0.49305,3,3,3209.0,106
1831,0.15781,0.53682,3,4,5562.0,166
1891,0.15782,0.53243,3,4,1345.0,38
1679,0.15783,0.54622,3,4,276.0,47
2176,0.15787,0.63466,3,5,2602.0,195
676,0.1579,0.46394,3,2,10741.0,376
761,0.15791,0.56898,3,4,9036.0,178
1714,0.15799,0.44578,3,2,265.0,9
1359,0.15809,0.47991,3,3,1193.0,76
1092,0.15829,0.65615,3,5,945.0,42
1641,0.15834,0.51415,3,3,578.0,47
1639,0.15838,0.49649,3,3,2578.0,110
706,0.15839,0.51537,3,3,4025.0,133
1697,0.15855,0.55263,3,4,949.0,42
1387,0.15858,0.49077,3,3,2058.0,66
180,0.1586,0.5,3,3,2103.0,68
2274,0.15865,0.43073,3,2,6974.0,71
176,0.15869,0.47727,3,3,788.0,23
2497,0.15872,0.49796,3,3,7112.0,221
1395,0.15879,0.52857,3,4,1142.0,40
1344,0.15884,0.57432,3,5,2729.0,27
562,0.15895,0.47619,3,3,3178.0,79
1907,0.15904,0.49986,3,3,8940.0,388
460,0.15907,0.51014,3,3,760.0,113
700,0.15911,0.5187,3,4,2981.0,39
923,0.15912,0.55247,3,4,3306.0,164
740,0.15912,0.44458,3,2,6645.0,113
1924,0.15921,0.53125,3,4,6225.0,221
1635,0.15925,0.34884,3,1,129.0,20
2359,0.15929,0.51639,3,3,2806.0,174
1712,0.15932,0.4471,3,2,729.0,33
2125,0.15939,0.59199,3,5,4833.0,113
2169,0.15946,0.44106,3,2,858.0,40
2489,0.15957,0.52963,3,4,9403.0,139
2329,0.15971,0.52141,3,4,2722.0,100
1687,0.15977,0.54294,3,4,3766.0,106
999,0.15984,0.49798,3,3,2154.0,57
603,0.15993,0.505,3,3,3220.0,182
21,0.15994,0.52518,3,4,870.0,27
1462,0.16002,0.56136,3,4,4830.0,120
447,0.16005,0.45763,3,2,1670.0,136
1746,0.16013,0.47119,3,2,2177.0,49
373,0.16015,0.34783,3,1,97.0,13
1027,0.16017,0.4186,3,1,1065.0,41
544,0.16019,0.54321,3,4,1595.0,131
1966,0.16022,0.52616,3,4,5308.0,129
1734,0.16033,0.4375,3,2,162.0,19
1633,0.16035,0.50371,3,3,10163.0,219
1705,0.16049,0.50671,3,3,1806.0,176
1704,0.16051,0.56757,3,4,401.0,46
1761,0.16054,0.42345,3,2,1845.0,31
1792,0.16064,0.52078,4,4,3140.0,126
316,0.16065,0.47628,4,3,1038.0,53
2158,0.16067,0.64986,4,5,3194.0,131
2038,0.16069,0.58915,4,5,1490.0,59
1531,0.16087,0.50852,4,3,979.0,45
1538,0.16101,0.46058,4,2,505.0,32
842,0.16102,0.75173,4,5,7527.0,506
1483,0.16102,0.54555,4,4,4725.0,112
2462,0.16106,0.49141,4,3,11593.0,189
1980,0.16124,0.50569,4,3,4443.0,54
655,0.16133,0.48534,4,3,1991.0,61
828,0.16171,0.50564,4,3,1123.0,37
958,0.16175,0.52294,4,4,313.0,11
2324,0.16175,0.49305,4,3,2672.0,146
2345,0.16178,0.53632,4,4,4279.0,109
2222,0.16179,0.54319,4,4,3076.0,40
214,0.1618,0.49907,4,3,2658.0,86
727,0.1618,0.47868,4,3,4923.0,118
1288,0.16184,0.50785,4,3,1897.0,55
2082,0.16199,0.55708,4,4,5082.0,191
2477,0.16211,0.53905,4,4,1871.0,40
901,0.16213,0.52605,4,4,2767.0,76
987,0.16223,0.46858,4,2,2335.0,75
1691,0.16239,0.53146,4,4,2284.0,50
1015,0.16249,0.45195,4,2,3808.0,108
743,0.16249,0.45692,4,2,1989.0,71
53,0.16254,0.55633,4,4,1962.0,56
1047,0.16259,0.51889,4,4,1053.0,80
1067,0.16267,0.53557,4,4,3742.0,62
2229,0.16272,0.59703,4,5,2415.0,56
769,0.16274,0.54242,4,4,1544.0,46
1694,0.1629,0.53277,4,4,8055.0,249
1589,0.16295,0.53846,4,4,342.0,18
572,0.16301,0.38859,4,1,903.0,45
567,0.1631,0.50915,4,3,3135.0,254
2215,0.16313,0.44598,4,2,2402.0,132
885,0.16315,0.50551,4,3,2603.0,87
401,0.16319,0.50639,4,3,2539.0,96
88,0.16321,0.55724,4,4,11616.0,229
1201,0.16324,0.53552,4,4,538.0,38
906,0.16329,0.59489,4,5,7049.0,382
8,0.16329,0.50985,4,3,5535.0,113
2050,0.1634,0.56977,4,4,5193.0,160
2301,0.16345,0.56637,4,4,4662.0,137
2009,0.16352,0.69479,4,5,1507.0,33
2159,0.16356,0.46558,4,2,2019.0,121
290,0.1636,0.52993,4,4,5524.0,290
1918,0.16362,0.57011,4,4,3012.0,69
782,0.16365,0.50556,4,3,1557.0,70
1743,0.1637,0.62222,4,5,1169.0,43
705,0.16372,0.44948,4,2,1386.0,93
2212,0.16379,0.51429,4,3,251.0,46
836,0.1638,0.51197,4,3,1564.0,75
2443,0.16381,0.5154,4,3,4029.0,153
2040,0.16388,0.50241,4,3,2969.0,422
2398,0.16398,0.56618,4,4,2035.0,76
199,0.16413,0.40367,4,1,668.0,54
1317,0.16416,0.47339,4,3,4065.0,196
1055,0.16424,0.47448,4,3,1204.0,81
68,0.16427,0.67622,4,5,4961.0,553
1825,0.16428,0.60183,4,5,1832.0,43
2065,0.16437,0.54531,4,4,3268.0,89
1959,0.16439,0.5594,4,4,5593.0,104
2307,0.16442,0.52715,4,4,6009.0,179
1575,0.16442,0.45849,4,2,1642.0,55
1269,0.16448,0.49855,4,3,2595.0,109
1548,0.16453,0.51683,4,4,3851.0,112
2202,0.16453,0.52525,4,4,320.0,18
234,0.16459,0.49587,4,3,261.0,19
1623,0.16462,0.50078,4,3,4734.0,180
1655,0.16463,0.51269,4,3,503.0,41
1446,0.16466,0.56437,4,4,2096.0,44
731,0.16466,0.49345,4,3,3151.0,233
561,0.16467,0.52011,4,4,1404.0,26
1295,0.16469,0.49123,4,3,1637.0,68
1224,0.16471,0.46823,4,2,2364.0,92
2285,0.16473,0.65496,4,5,2058.0,73
741,0.16476,0.42491,4,2,3415.0,88
1767,0.16487,0.63924,4,5,9204.0,485
2109,0.16496,0.46717,4,2,2508.0,120
131,0.16496,0.60917,4,5,6156.0,354
41,0.16499,0.54528,4,4,3107.0,73
177,0.16519,0.55191,4,4,1131.0,50
1132,0.16522,0.48659,4,3,2074.0,58
206,0.16523,0.46309,4,2,387.0,15
2152,0.16524,0.58065,4,5,157.0,25
626,0.16531,0.45143,4,2,649.0,25
2459,0.16532,0.5802,4,5,20671.0,971
190,0.16539,0.55411,4,4,696.0,23
1013,0.16542,0.49558,4,3,947.0,35
2088,0.16547,0.51721,4,4,4906.0,109
140,0.16548,0.56034,4,4,1721.0,140
1616,0.16552,0.47699,4,3,1236.0,38
161,0.16565,0.57648,4,5,6072.0,266
159,0.16576,0.50656,4,3,2144.0,86
1414,0.16579,0.475,4,3,274.0,17
1992,0.16584,0.48649,4,3,529.0,30
1375,0.16588,0.47338,4,3,3745.0,122
338,0.16596,0.35888,4,1,2691.0,154
729,0.16602,0.4986,4,3,1159.0,32
1069,0.16603,0.58076,4,5,3433.0,55
2421,0.16606,0.52348,4,4,8750.0,81
342,0.16616,0.50212,4,3,2126.0,48
2288,0.16618,0.57991,4,5,2093.0,157
2180,0.16619,0.49114,4,3,936.0,44
398,0.16625,0.5987,4,5,2093.0,125
2105,0.16627,0.49764,4,3,900.0,35
1202,0.16645,0.61719,4,5,587.0,25
220,0.16646,0.53279,4,4,2525.0,91
2147,0.16651,0.5427,4,4,5706.0,96
1398,0.16653,0.50365,4,3,405.0,20
1382,0.16658,0.46469,4,2,3082.0,116
1194,0.16661,0.49453,4,3,1277.0,62
2295,0.16669,0.52544,4,4,8004.0,98
1450,0.16678,0.48109,4,3,1647.0,90
718,0.16684,0.76266,4,5,19300.0,599
1433,0.16688,0.51852,4,4,70.0,8
2137,0.16689,0.55064,4,4,2970.0,186
309,0.1669,0.51669,4,4,2326.0,22
1223,0.16693,0.52439,4,4,1744.0,57
340,0.1671,0.48159,4,3,1058.0,29
1745,0.16714,0.42155,4,2,2591.0,125
1108,0.16717,0.47154,4,2,292.0,22
647,0.16719,0.53195,4,4,6327.0,129
79,0.1672,0.51004,4,3,3950.0,154
1472,0.16724,0.62667,4,5,270.0,4
241,0.16734,0.38462,4,1,200.0,16
380,0.16734,0.52375,4,4,7726.0,129
993,0.16736,0.50785,4,3,3065.0,126
1322,0.16741,0.43038,4,2,261.0,16
1549,0.16743,0.43705,4,2,1989.0,177
1176,0.16744,0.57143,4,4,241.0,16
1572,0.16748,0.58213,4,5,2544.0,52
1747,0.16753,0.61744,4,5,3067.0,92
291,0.16755,0.43777,4,2,2474.0,61
1883,0.16759,0.5184,4,4,2461.0,126
1834,0.1676,0.55955,4,4,3769.0,135
1528,0.16762,0.55579,4,4,8087.0,239
1634,0.16768,0.54112,4,4,4616.0,85
477,0.16769,0.63174,4,5,812.0,65
1757,0.16781,0.43548,4,2,253.0,10
1569,0.16796,0.47218,4,3,1346.0,104
457,0.168,0.46632,4,2,718.0,78
1222,0.16804,0.47846,4,3,5833.0,174
2430,0.16805,0.50552,4,3,1886.0,60
417,0.16811,0.50245,4,3,3013.0,84
85,0.16814,0.61047,4,5,4696.0,282
1038,0.16814,0.38639,4,1,1602.0,275
943,0.16821,0.53469,4,4,3434.0,144
1793,0.16821,0.47986,4,3,1889.0,63
492,0.16835,0.60559,4,5,7148.0,117
1798,0.16835,0.49066,4,3,2458.0,42
467,0.16836,0.51753,4,4,2643.0,145
1540,0.16837,0.49933,4,3,3599.0,143
2043,0.16839,0.47483,4,3,1641.0,65
1127,0.1684,0.49805,4,3,1564.0,29
527,0.16842,0.51314,4,3,3582.0,130
1492,0.16844,0.43028,4,2,1226.0,95
2347,0.16859,0.54235,4,4,3233.0,93
1999,0.16867,0.53165,4,4,783.0,52
2298,0.16888,0.48941,4,3,2710.0,83
2396,0.16891,0.61611,4,5,550.0,17
77,0.169,0.54722,4,4,6227.0,87
321,0.16902,0.48379,4,3,5936.0,106
738,0.16908,0.54995,4,4,2593.0,101
1702,0.16913,0.47263,4,3,1927.0,30
2207,0.16918,0.47754,4,3,4866.0,372
2362,0.16921,0.60428,4,5,520.0,41
1970,0.16925,0.47857,4,3,1091.0,69
502,0.16929,0.47565,4,3,2299.0,57
438,0.16931,0.46917,4,2,4457.0,67
1994,0.16936,0.53634,4,4,1069.0,43
590,0.16938,0.48655,4,3,3338.0,134
153,0.16938,0.46409,4,2,1559.0,92
62,0.16943,0.47154,4,3,359.0,33
1106,0.16944,0.47668,4,3,683.0,38
2059,0.16956,0.61219,4,5,2359.0,54
355,0.16962,0.52239,4,4,340.0,7
2123,0.16963,0.4628,4,2,4332.0,59
2414,0.16963,0.57955,4,5,179.0,6
1310,0.16964,0.5,4,3,858.0,34
1621,0.16964,0.55261,4,4,3231.0,90
851,0.16967,0.42593,4,2,167.0,21
1832,0.16968,0.51491,4,3,1358.0,55
2353,0.16972,0.41135,4,1,413.0,14
2063,0.1698,0.38889,4,1,2591.0,81
1284,0.1698,0.45374,4,2,1974.0,160
2255,0.16981,0.5,4,3,570.0,21
1338,0.16993,0.40816,4,1,1784.0,189
2490,0.17001,0.4735,4,3,699.0,33
882,0.17007,0.56844,4,4,4610.0,240
1457,0.17011,0.56801,4,4,2667.0,39
2377,0.17016,0.51935,4,4,1108.0,82
481,0.17026,0.4882,4,3,2056.0,49
1165,0.17033,0.58691,4,5,1414.0,57
933,0.17033,0.54199,4,4,2175.0,79
2374,0.17039,0.47951,4,3,6249.0,82
1463,0.1704,0.5989,4,5,3460.0,139
1526,0.17047,0.47829,4,3,2901.0,199
2392,0.17048,0.47857,4,3,1429.0,39
327,0.1705,0.55556,4,4,227.0,27
81,0.17059,0.51448,4,3,5554.0,152
1239,0.17069,0.58947,4,5,2069.0,26
2075,0.17069,0.52012,4,4,4737.0,155
841,0.17074,0.54868,4,4,2550.0,157
1218,0.17079,0.53125,4,4,3094.0,96
733,0.17079,0.51198,4,3,2679.0,76
921,0.17083,0.39474,4,1,101.0,9
1851,0.17084,0.50444,4,3,1256.0,41
364,0.17089,0.52216,4,4,2567.0,86
1116,0.17104,0.54847,4,4,2779.0,64
980,0.17105,0.45195,4,2,1330.0,29
1522,0.1711,0.53811,4,4,1087.0,35
98,0.17118,0.46458,4,2,2547.0,205
1258,0.17121,0.48926,4,3,3502.0,232
1511,0.17128,0.52027,4,4,3740.0,149
1206,0.17135,0.59895,4,5,6172.0,381
1181,0.17143,0.49226,4,3,2197.0,89
1093,0.1715,0.4887,4,3,994.0,33
174,0.17152,0.50964,4,3,1208.0,27
2034,0.17154,0.46135,4,2,3118.0,140
1758,0.17166,0.54222,4,4,2042.0,70
1315,0.17172,0.59717,4,5,645.0,5
2081,0.1718,0.46642,4,2,922.0,35
548,0.1719,0.52674,4,4,4256.0,93
1184,0.17204,0.61607,4,5,714.0,13
989,0.17208,0.49564,4,3,4663.0,174
2351,0.17212,0.54582,4,4,16617.0,322
480,0.17214,0.56582,4,4,3646.0,92
751,0.17216,0.63556,4,5,521.0,27
304,0.1722,0.57108,4,4,8586.0,304
977,0.17223,0.54695,4,4,1037.0,34
1131,0.17236,0.51613,4,3,3035.0,102
2481,0.17236,0.60401,4,5,5403.0,148
1080,0.17237,0.50915,4,3,2206.0,84
307,0.1724,0.31938,4,1,2582.0,415
1952,0.17243,0.61961,4,5,1004.0,36
2494,0.17274,0.58833,4,5,2121.0,35
2339,0.17275,0.49533,4,3,262.0,10
798,0.17286,0.58672,4,5,1587.0,54
66,0.17292,0.57377,4,5,396.0,29
1416,0.17306,0.63636,4,5,92.0,6
1154,0.17306,0.47527,4,3,3804.0,127
891,0.17307,0.46145,4,2,7035.0,113
1329,0.17309,0.44332,4,2,1546.0,31
2071,0.17314,0.46677,4,2,1733.0,215
774,0.17318,0.56034,4,4,910.0,16
2386,0.17322,0.56786,4,4,1057.0,51
428,0.17328,0.51341,4,3,3361.0,95
649,0.17332,0.57216,4,4,1553.0,55
937,0.17352,0.49285,4,3,1670.0,68
198,0.17363,0.57923,4,5,8659.0,461
463,0.17364,0.50685,4,3,5803.0,587
264,0.17367,0.63678,4,5,1783.0,61
515,0.17382,0.49859,4,3,1827.0,47
138,0.17395,0.49498,4,3,3529.0,68
1339,0.17398,0.51429,4,3,390.0,6
508,0.17406,0.53964,4,4,1191.0,55
1385,0.17418,0.5,4,3,5638.0,112
1145,0.17421,0.55607,4,4,3875.0,81
723,0.17432,0.52703,4,4,1231.0,23
2471,0.17434,0.53865,4,4,948.0,52
251,0.17435,0.50606,4,3,2269.0,83
2097,0.17437,0.56096,4,4,8824.0,202
1949,0.17448,0.51091,4,3,1659.0,54
473,0.17449,0.56503,4,4,3209.0,70
547,0.17466,0.53857,4,4,1677.0,55
996,0.17469,0.54478,4,4,2221.0,139
181,0.17471,0.49822,4,3,1671.0,39
1564,0.17477,0.40741,4,1,438.0,36
2372,0.17478,0.58057,4,5,3208.0,71
968,0.17479,0.54477,4,4,9805.0,167
855,0.1748,0.61525,4,5,5618.0,216
529,0.17493,0.55571,4,4,1831.0,56
1964,0.17499,0.49229,4,3,1990.0,68
1428,0.17513,0.56163,4,4,4912.0,164
2170,0.17515,0.625,4,5,6199.0,266
2378,0.17518,0.57625,4,5,8311.0,154
2469,0.17549,0.45631,4,2,661.0,37
1659,0.17556,0.52554,4,4,2821.0,130
931,0.17557,0.5996,4,5,4967.0,42
276,0.17563,0.46846,4,2,5759.0,173
1523,0.17573,0.55798,4,4,1668.0,67
1748,0.17575,0.5386,4,4,5162.0,247
2300,0.17581,0.55818,4,4,4615.0,118
2379,0.17582,0.53531,4,4,1323.0,56
117,0.17591,0.47754,4,3,2568.0,94
171,0.17591,0.52446,4,4,740.0,25
946,0.176,0.49876,4,3,2530.0,136
1424,0.17602,0.49265,4,3,595.0,57
1919,0.17613,0.55556,4,4,4155.0,100
1645,0.17631,0.43662,4,2,297.0,8
1025,0.17633,0.49891,4,3,3552.0,81
1066,0.17651,0.47238,4,3,3114.0,245
1065,0.17652,0.47475,4,3,5167.0,50
1283,0.17657,0.45813,4,2,332.0,49
791,0.1766,0.5122,4,3,303.0,21
14,0.1766,0.60841,4,5,2761.0,140
2197,0.17683,0.49528,4,3,670.0,48
1648,0.17693,0.54239,4,4,5250.0,116
511,0.17694,0.58688,4,5,5426.0,373
811,0.17696,0.46356,4,2,680.0,39
929,0.17703,0.56506,4,4,5343.0,244
609,0.17704,0.56454,4,4,1666.0,162
1074,0.17713,0.55343,4,4,7769.0,132
1161,0.17724,0.50993,4,3,1378.0,63
2243,0.1774,0.5355,4,4,4020.0,44
513,0.17746,0.49285,4,3,12130.0,161
17,0.17755,0.46124,4,2,5140.0,124
2029,0.17763,0.46739,4,2,1689.0,46
1877,0.17767,0.58378,4,5,1975.0,64
332,0.17768,0.54417,4,4,5519.0,118
1024,0.1777,0.54212,4,4,9449.0,145
2021,0.17783,0.48827,4,3,1393.0,77
953,0.17784,0.53452,4,4,2513.0,114
2276,0.17801,0.56452,4,4,1008.0,31
126,0.17807,0.63125,4,5,853.0,31
292,0.17813,0.47922,4,3,977.0,83
2482,0.17817,0.51317,4,3,2729.0,71
768,0.1782,0.62982,4,5,6681.0,466
497,0.17838,0.52,4,4,766.0,63
1126,0.1785,0.63275,4,5,2543.0,28
1220,0.17857,0.47863,4,3,787.0,31
239,0.17858,0.44734,4,2,4671.0,264
228,0.17871,0.60969,4,5,2405.0,87
144,0.17874,0.512,4,3,2126.0,88
541,0.17877,0.57323,4,4,1784.0,47
136,0.17879,0.51987,4,4,2805.0,77
1474,0.17888,0.55879,4,4,2446.0,72
124,0.17904,0.56652,4,4,683.0,61
1565,0.17904,0.60714,4,5,448.0,31
1989,0.17917,0.48505,4,3,3053.0,153
654,0.17935,0.60367,4,5,2330.0,146
405,0.1794,0.57895,4,5,3653.0,98
756,0.1794,0.58824,4,5,690.0,24
1174,0.17957,0.50803,4,3,2157.0,122
633,0.17961,0.61782,4,5,5494.0,167
936,0.17963,0.70221,4,5,7089.0,502
2074,0.17966,0.56401,4,4,679.0,29
351,0.17974,0.45455,4,2,7660.0,296
778,0.17989,0.663,4,5,2286.0,123
1643,0.18003,0.60814,4,5,1461.0,46
1350,0.18012,0.65116,4,5,2569.0,131
134,0.18017,0.55041,4,4,5535.0,86
2173,0.18022,0.55036,4,4,2178.0,86
1493,0.18026,0.5979,4,5,943.0,25
348,0.18043,0.50991,4,3,2962.0,126
1765,0.18044,0.5461,4,4,2949.0,62
285,0.18047,0.54522,4,4,4228.0,202
2259,0.18049,0.55102,4,4,589.0,16
887,0.18049,0.46311,4,2,1134.0,48
1162,0.1806,0.66667,4,5,432.0,33
2251,0.18078,0.50877,4,3,2023.0,26
319,0.18078,0.59496,4,5,3759.0,109
1022,0.18079,0.45736,4,2,263.0,36
1488,0.18082,0.57597,4,5,3247.0,76
1410,0.18083,0.58621,4,5,2526.0,45
2310,0.18083,0.48287,4,3,1389.0,74
389,0.18084,0.56517,4,4,14881.0,271
393,0.1809,0.53797,4,4,3895.0,180
2150,0.18091,0.47368,4,3,69.0,8
59,0.18099,0.51318,4,3,1688.0,44
1427,0.18111,0.53465,4,4,2640.0,83
1007,0.18114,0.53846,4,4,1369.0,122
1212,0.18126,0.6087,4,5,195.0,6
750,0.1813,0.58621,4,5,599.0,49
326,0.18139,0.45625,4,2,740.0,26
2317,0.18156,0.60004,4,5,13967.0,150
881,0.18175,0.51825,4,4,4295.0,139
29,0.18189,0.56842,4,4,1343.0,69
1791,0.18201,0.52144,4,4,2970.0,140
1392,0.18204,0.52168,4,4,2315.0,109
1653,0.18212,0.53638,4,4,19154.0,541
619,0.18213,0.6,4,5,169.0,5
682,0.18223,0.59188,4,5,4438.0,217
1420,0.18241,0.58089,4,5,3892.0,79
983,0.18246,0.54505,4,4,3807.0,196
1226,0.18254,0.58573,4,5,6237.0,76
1766,0.18263,0.47489,4,3,461.0,38
2039,0.18264,0.58424,4,5,2260.0,74
749,0.18285,0.51047,4,3,1067.0,77
1062,0.18285,0.47141,4,2,1496.0,216
829,0.18293,0.59403,4,5,1635.0,32
880,0.18295,0.55294,4,4,197.0,12
793,0.18297,0.56167,4,4,1832.0,107
2167,0.18301,0.58739,4,5,1715.0,75
279,0.18305,0.56228,4,4,1817.0,53
1615,0.18315,0.57432,4,5,869.0,42
2012,0.18316,0.55777,4,4,8535.0,303
1334,0.18318,0.5,4,3,630.0,57
1709,0.18327,0.53342,4,4,2142.0,87
1451,0.18328,0.61742,4,5,6700.0,260
1217,0.18349,0.55807,4,4,2657.0,54
265,0.18355,0.66512,4,5,1882.0,53
614,0.18355,0.52616,4,4,2757.0,122
1200,0.1836,0.55935,4,4,1619.0,30
1752,0.18373,0.53578,4,4,6594.0,196
860,0.18375,0.50667,4,3,261.0,52
1809,0.1839,0.51939,4,4,1509.0,61
1323,0.18402,0.49462,4,3,297.0,11
2057,0.18407,0.62963,4,5,3150.0,125
1979,0.18409,0.40584,4,1,1147.0,101
49,0.1841,0.60569,4,5,6445.0,121
645,0.1842,0.51634,4,3,429.0,49
1555,0.18427,0.58049,4,5,1447.0,89
1421,0.18434,0.70546,4,5,5535.0,218
482,0.18453,0.53294,4,4,1849.0,61
2085,0.18457,0.54627,4,4,12895.0,359
2094,0.18465,0.50605,4,3,3056.0,75
979,0.18468,0.56579,4,4,12855.0,205
150,0.18469,0.54286,4,4,230.0,6
1101,0.1847,0.59091,4,5,191.0,16
479,0.18472,0.61644,4,5,1773.0,185
1439,0.18487,0.61881,4,5,556.0,33
1254,0.18491,0.39583,4,1,252.0,6
1417,0.18493,0.58289,4,5,3704.0,75
2335,0.18511,0.46894,4,2,1955.0,53
1690,0.18524,0.5507,4,4,1508.0,59
2465,0.18534,0.52301,4,4,2089.0,165
1072,0.18537,0.54056,4,4,2695.0,61
550,0.1854,0.58896,4,5,855.0,39
9,0.18582,0.55909,4,4,797.0,20
726,0.18586,0.62813,4,5,2220.0,71
1489,0.18588,0.60723,4,5,17252.0,536
230,0.186,0.53364,4,4,4521.0,168
226,0.18605,0.5657,4,4,1205.0,50
1259,0.18606,0.49882,4,3,1164.0,33
1436,0.18609,0.44231,4,2,135.0,8
33,0.18631,0.57407,4,5,1201.0,52
179,0.18633,0.5544,4,4,621.0,38
1580,0.18638,0.43648,4,2,1771.0,201
2423,0.18646,0.56692,4,4,2839.0,59
1003,0.18662,0.52716,4,4,2589.0,63
2275,0.18675,0.57841,4,5,2790.0,134
123,0.1868,0.56132,4,4,3223.0,174
1986,0.18684,0.5567,4,4,230.0,12
1861,0.1869,0.53503,4,4,1868.0,123
1847,0.18695,0.54114,4,4,2679.0,103
2344,0.18705,0.51991,4,4,2691.0,57
2183,0.18716,0.59888,4,5,4093.0,173
1797,0.18724,0.548,4,4,5551.0,115
1146,0.18726,0.57268,4,4,8855.0,345
1193,0.1873,0.51009,4,3,4724.0,219
507,0.18735,0.614,4,5,1455.0,66
518,0.18736,0.55109,4,4,4926.0,153
158,0.18739,0.70246,4,5,1870.0,180
1160,0.18746,0.5506,4,4,4378.0,145
1458,0.1875,0.5679,4,4,3481.0,126
767,0.18757,0.63953,4,5,563.0,13
2457,0.18761,0.56044,4,4,1540.0,77
133,0.18774,0.47906,4,3,3824.0,75
1044,0.18774,0.55866,4,4,424.0,20
2451,0.18777,0.57563,4,5,8336.0,192
2190,0.18779,0.62879,4,5,9521.0,225
2237,0.18799,0.58269,4,5,4942.0,158
361,0.18802,0.60794,4,5,8747.0,217
24,0.18806,0.61897,4,5,1911.0,74
2153,0.18814,0.55233,4,4,933.0,41
1695,0.18828,0.45351,4,2,1175.0,160
1880,0.18844,0.50568,4,3,773.0,36
1892,0.18849,0.68808,4,5,5532.0,307
2118,0.18852,0.56787,4,4,1108.0,29
967,0.18854,0.48305,4,3,299.0,10
298,0.18855,0.43119,4,2,225.0,7
2087,0.18857,0.6196,4,5,7833.0,227
217,0.18874,0.51247,4,3,2435.0,65
2433,0.18883,0.34161,4,1,610.0,30
372,0.18897,0.54601,4,4,440.0,10
1860,0.18902,0.56429,4,4,753.0,58
794,0.18904,0.42771,4,2,1753.0,32
1689,0.18905,0.57143,4,4,2712.0,122
1700,0.18915,0.58182,4,5,1607.0,33
589,0.1893,0.51852,4,4,299.0,17
632,0.18937,0.52189,4,4,3371.0,94
1321,0.18937,0.56934,4,4,1888.0,204
965,0.18942,0.51689,4,4,1764.0,52
917,0.1895,0.57143,4,4,488.0,44
678,0.18956,0.50355,4,3,459.0,57
998,0.18961,0.57877,4,5,8305.0,250
182,0.18985,0.44291,4,2,1162.0,36
31,0.18995,0.67652,4,5,4397.0,69
2220,0.19004,0.3913,4,1,216.0,15
1262,0.19005,0.56201,4,4,770.0,29
542,0.19027,0.60938,4,5,2314.0,123
865,0.19039,0.60784,4,5,1888.0,35
830,0.19045,0.66338,4,5,1694.0,231
640,0.19046,0.60219,4,5,2253.0,92
866,0.19049,0.51712,4,4,5519.0,136
687,0.19066,0.55332,4,4,3206.0,69
587,0.19067,0.56897,4,4,248.0,27
2138,0.19068,0.56024,4,4,1878.0,66
221,0.19072,0.5695,4,4,2879.0,79
111,0.19077,0.58291,4,5,1516.0,51
143,0.19092,0.55621,4,4,6574.0,408
255,0.19096,0.57778,4,5,672.0,18
1913,0.19105,0.48175,4,3,896.0,49
595,0.19116,0.52563,4,4,2374.0,146
592,0.19133,0.57308,4,4,661.0,34
1391,0.19139,0.58435,4,5,8106.0,169
1887,0.19148,0.58859,4,5,877.0,88
704,0.19153,0.63636,5,5,77.0,9
2487,0.19197,0.54585,5,4,601.0,26
1902,0.19208,0.59589,5,5,1646.0,21
2011,0.19229,0.48614,5,3,1367.0,104
2107,0.1924,0.53644,5,4,3409.0,87
658,0.19248,0.53545,5,4,1052.0,49
1950,0.19249,0.48421,5,3,747.0,31
805,0.19252,0.57799,5,5,5565.0,304
187,0.19262,0.4774,5,3,701.0,59
744,0.19289,0.59562,5,5,4730.0,158
501,0.19293,0.57823,5,5,478.0,22
2005,0.19299,0.51833,5,4,1439.0,52
2358,0.19309,0.47,5,2,2423.0,79
739,0.19353,0.46032,5,2,160.0,6
1068,0.19355,0.51903,5,4,1322.0,111
1442,0.19363,0.5122,5,3,313.0,29
856,0.1937,0.5947,5,5,5080.0,182
1042,0.19376,0.60148,5,5,5284.0,248
1141,0.19384,0.58352,5,5,1137.0,59
268,0.19387,0.62385,5,5,809.0,30
1330,0.19395,0.64065,5,5,2178.0,86
1337,0.1941,0.60657,5,5,11501.0,244
196,0.19414,0.58427,5,5,5261.0,186
2227,0.19415,0.55218,5,4,4894.0,173
2427,0.19445,0.62319,5,5,8726.0,346
1253,0.19445,0.51905,5,4,570.0,24
1721,0.1945,0.55224,5,4,340.0,17
2177,0.19462,0.40909,5,1,134.0,3
471,0.1947,0.51,5,3,1530.0,51
1711,0.19472,0.56701,5,4,665.0,11
776,0.19474,0.57157,5,4,3154.0,72
431,0.19496,0.57616,5,5,532.0,36
986,0.19501,0.57339,5,4,1828.0,90
1061,0.19507,0.5628,5,4,6212.0,147
76,0.19508,0.50943,5,3,316.0,16
2200,0.19511,0.60147,5,5,8673.0,197
104,0.19517,0.62947,5,5,6547.0,128
2070,0.19519,0.66719,5,5,9210.0,635
1768,0.19519,0.63705,5,5,1522.0,70
1751,0.19522,0.53193,5,4,4143.0,142
623,0.19523,0.61822,5,5,3899.0,124
2336,0.19535,0.55061,5,4,2384.0,76
1113,0.19536,0.49329,5,3,4391.0,176
1371,0.19554,0.58684,5,5,836.0,45
1124,0.19567,0.54182,5,4,1896.0,79
1525,0.1957,0.57483,5,5,1645.0,38
1903,0.19578,0.65302,5,5,1152.0,40
188,0.19634,0.6176,5,5,1848.0,43
948,0.19635,0.62617,5,5,305.0,4
341,0.19635,0.34197,5,1,394.0,30
2072,0.19635,0.55396,5,4,278.0,12
1210,0.19638,0.44935,5,2,921.0,37
1198,0.19644,0.63356,5,5,1005.0,44
2350,0.19673,0.61939,5,5,1916.0,46
907,0.19693,0.51279,5,3,1953.0,92
1490,0.19695,0.63921,5,5,5065.0,208
611,0.19701,0.64161,5,5,2316.0,73
1110,0.19701,0.66598,5,5,5508.0,133
1993,0.19705,0.63793,5,5,1359.0,82
1355,0.19738,0.41935,5,2,548.0,14
1205,0.19758,0.54389,5,4,4384.0,186
2253,0.19764,0.55882,5,4,450.0,29
539,0.19765,0.62763,5,5,1269.0,65
1087,0.19771,0.5529,5,4,3010.0,149
664,0.19774,0.54894,5,4,995.0,31
1739,0.19798,0.55193,5,4,778.0,34
94,0.19799,0.47857,5,3,443.0,36
771,0.19806,0.5334,5,4,7991.0,497
2326,0.19808,0.53259,5,4,1323.0,47
581,0.19809,0.57223,5,4,5060.0,146
1440,0.19811,0.59511,5,5,2552.0,100
1169,0.19818,0.57762,5,5,5159.0,128
1686,0.19842,0.49829,5,3,1314.0,95
2006,0.19842,0.5684,5,4,4873.0,111
2280,0.19848,0.5644,5,4,12333.0,228
1349,0.19863,0.56961,5,4,5380.0,202
546,0.19879,0.5226,5,4,3339.0,122
164,0.19885,0.58089,5,5,4272.0,116
2217,0.19887,0.57858,5,5,4430.0,192
1811,0.19896,0.55789,5,4,853.0,16
1130,0.19898,0.5465,5,4,6563.0,362
1005,0.19902,0.53393,5,4,2470.0,180
822,0.19906,0.52,5,4,867.0,42
1411,0.19932,0.64103,5,5,132.0,6
1622,0.19946,0.55709,5,4,3844.0,106
1998,0.19954,0.51861,5,4,2384.0,331
2104,0.19965,0.58721,5,5,495.0,29
1435,0.19967,0.58156,5,5,512.0,13
2155,0.1997,0.62319,5,5,314.0,11
2279,0.19977,0.61779,5,5,972.0,59
2450,0.19983,0.62687,5,5,3061.0,84
636,0.19992,0.48899,5,3,9045.0,227
713,0.19992,0.69032,5,5,541.0,24
201,0.19993,0.59267,5,5,1435.0,48
1153,0.20011,0.52381,5,4,1143.0,65
1631,0.20012,0.56274,5,4,10427.0,353
837,0.20026,0.5272,5,4,793.0,36
1759,0.20041,0.62997,5,5,4010.0,219
1934,0.20052,0.57522,5,5,543.0,15
210,0.20056,0.55074,5,4,3773.0,147
204,0.20068,0.62155,5,5,929.0,57
1265,0.20128,0.55735,5,4,1410.0,49
1941,0.20157,0.56627,5,4,743.0,135
1960,0.20171,0.6713,5,5,2638.0,93
600,0.20181,0.56557,5,4,5520.0,166
1158,0.20182,0.5026,5,3,2903.0,219
1083,0.20195,0.58793,5,5,1397.0,54
1136,0.20195,0.53333,5,4,1934.0,59
258,0.20226,0.51326,5,3,2631.0,211
2224,0.20232,0.65434,5,5,3984.0,106
2244,0.20239,0.55232,5,4,5477.0,324
908,0.20267,0.48868,5,3,6097.0,199
2090,0.20267,0.67672,5,5,1201.0,56
1620,0.20288,0.57179,5,4,9219.0,337
2434,0.20289,0.54519,5,4,772.0,23
1107,0.2029,0.61566,5,5,877.0,22
146,0.20299,0.56522,5,4,843.0,41
2205,0.20316,0.61104,5,5,1979.0,107
939,0.20319,0.50498,5,3,5255.0,154
1928,0.20327,0.59255,5,5,2328.0,114
2174,0.20351,0.5,5,3,644.0,39
2242,0.2036,0.58304,5,5,1239.0,118
610,0.20372,0.59216,5,5,573.0,24
824,0.20376,0.454,5,2,1167.0,57
1343,0.20377,0.41935,5,2,267.0,12
425,0.20377,0.57672,5,5,5544.0,151
985,0.20378,0.61472,5,5,2057.0,110
2166,0.20391,0.7,5,5,84.0,30
2486,0.20406,0.59655,5,5,3266.0,83
257,0.20414,0.49065,5,3,2690.0,122
815,0.20417,0.56897,5,4,1802.0,47
2232,0.20422,0.7003,5,5,1132.0,37
2448,0.20422,0.58071,5,5,9301.0,205
2195,0.20446,0.61388,5,5,1181.0,84
145,0.20453,0.53474,5,4,1470.0,59
1642,0.20464,0.4476,5,2,2096.0,125
1830,0.20532,0.28571,5,1,39.0,1
1299,0.20543,0.60788,5,5,5960.0,192
2432,0.20563,0.59973,5,5,4948.0,238
512,0.20591,0.54645,5,4,1114.0,25
170,0.20593,0.54677,5,4,2025.0,45
1518,0.20602,0.49856,5,3,1374.0,34
1114,0.20603,0.5969,5,5,971.0,44
574,0.20606,0.6672,5,5,6754.0,120
137,0.20606,0.54278,5,4,1062.0,38
878,0.20607,0.54832,5,4,5981.0,181
875,0.20622,0.5776,5,5,1473.0,68
2496,0.20623,0.53593,5,4,4340.0,63
747,0.20636,0.54071,5,4,1167.0,136
2204,0.20637,0.51456,5,3,2646.0,190
2302,0.20639,0.54417,5,4,1960.0,74
1785,0.20669,0.56882,5,4,1556.0,75
2277,0.20674,0.56402,5,4,3888.0,126
1787,0.2068,0.50278,5,3,1098.0,61
505,0.20692,0.62264,5,5,189.0,18
663,0.20695,0.59502,5,5,3200.0,105
450,0.20705,0.52432,5,4,1540.0,65
1482,0.20705,0.56534,5,4,1042.0,18
624,0.20707,0.58788,5,5,6003.0,160
1351,0.20713,0.63235,5,5,564.0,91
303,0.20715,0.57506,5,5,4880.0,199
2117,0.20715,0.55172,5,4,1050.0,63
281,0.20723,0.54275,5,4,1495.0,79
3,0.20756,0.5564,5,4,2653.0,47
421,0.20762,0.65792,5,5,6013.0,194
386,0.20783,0.5717,5,4,4676.0,281
2016,0.20787,0.46536,5,2,1729.0,126
1736,0.208,0.56463,5,4,374.0,22
1353,0.208,0.60254,5,5,4020.0,132
280,0.20803,0.58725,5,5,2376.0,105
680,0.20809,0.5636,5,4,3513.0,96
2468,0.20823,0.57752,5,5,2507.0,90
1688,0.20834,0.54206,5,4,971.0,36
67,0.20835,0.56886,5,4,9619.0,227
1082,0.20856,0.55705,5,4,2033.0,142
1977,0.20869,0.53012,5,4,358.0,30
2096,0.20892,0.48223,5,3,1302.0,26
1075,0.20892,0.54889,5,4,1469.0,67
807,0.20893,0.60375,5,5,4014.0,123
1327,0.20904,0.59391,5,5,477.0,9
2027,0.20906,0.50992,5,3,1915.0,133
1866,0.2091,0.48936,5,3,159.0,15
1285,0.20983,0.54902,5,4,5049.0,137
1064,0.20987,0.63629,5,5,3075.0,44
2412,0.20995,0.53233,5,4,12764.0,279
2066,0.21003,0.54562,5,4,2142.0,112
2305,0.21005,0.61181,5,5,6321.0,123
1600,0.21012,0.65372,5,5,915.0,64
2289,0.21019,0.6561,5,5,2428.0,88
1826,0.21033,0.51292,5,3,1994.0,111
485,0.21047,0.62119,5,5,5431.0,162
1049,0.21063,0.54277,5,4,698.0,55
637,0.21065,0.57463,5,5,2510.0,113
1437,0.21072,0.59383,5,5,4776.0,99
1499,0.21079,0.54464,5,4,2106.0,89
1664,0.21115,0.63018,5,5,2194.0,41
1178,0.21119,0.64259,5,5,5022.0,212
1543,0.21119,0.5809,5,5,2612.0,84
1824,0.2114,0.45758,5,2,3117.0,165
395,0.21146,0.60694,5,5,873.0,68
2252,0.2115,0.75224,5,5,9490.0,346
2400,0.21156,0.61402,5,5,14681.0,391
403,0.21167,0.55274,5,4,915.0,46
2404,0.21173,0.68293,5,5,560.0,18
191,0.21179,0.60914,5,5,553.0,34
1660,0.212,0.59128,5,5,2046.0,62
1121,0.21219,0.57912,5,5,2487.0,61
748,0.21226,0.58676,5,5,2709.0,84
809,0.21238,0.48795,5,3,620.0,57
625,0.21248,0.47143,5,2,1234.0,34
19,0.21256,0.62096,5,5,11300.0,421
753,0.21302,0.63016,5,5,2177.0,50
817,0.21318,0.59423,5,5,4802.0,147
1204,0.21322,0.61075,5,5,2043.0,81
1863,0.21323,0.59322,5,5,411.0,14
788,0.21329,0.56266,5,4,7514.0,295
2035,0.21345,0.48861,5,3,1084.0,68
1099,0.21351,0.55656,5,4,683.0,28
2239,0.21362,0.56859,5,4,1787.0,43
2002,0.21399,0.60549,5,5,2465.0,63
195,0.21408,0.71225,5,5,4167.0,91
719,0.21417,0.5674,5,4,1099.0,34
443,0.21441,0.54508,5,4,2644.0,103
2023,0.21471,0.44921,5,2,1806.0,109
764,0.21476,0.5625,5,4,3197.0,112
2331,0.21484,0.66457,5,5,5904.0,103
615,0.21521,0.60526,5,5,346.0,24
2270,0.21522,0.57801,5,5,4729.0,312
519,0.21546,0.54859,5,4,819.0,32
1508,0.21561,0.63774,5,5,1849.0,81
988,0.21561,0.63537,5,5,6109.0,196
1231,0.21584,0.50402,5,3,1920.0,55
2373,0.21588,0.62187,5,5,2586.0,124
236,0.21593,0.61955,5,5,1592.0,47
1731,0.21602,0.59738,5,5,3452.0,72
1396,0.21617,0.62222,5,5,7177.0,229
1358,0.21627,0.66997,5,5,2467.0,123
2108,0.21635,0.53959,5,4,1831.0,131
2221,0.21668,0.61688,5,5,2301.0,113
2389,0.21707,0.56343,5,4,1485.0,62
1869,0.21716,0.61345,5,5,3631.0,119
1155,0.21718,0.61135,5,5,2053.0,41
709,0.21719,0.52723,5,4,5536.0,156
42,0.21737,0.52361,5,4,1986.0,89
2341,0.21739,0.60974,5,5,5698.0,306
92,0.21749,0.54973,5,4,1587.0,57
2127,0.2177,0.55469,5,4,1462.0,26
294,0.21794,0.58237,5,5,5411.0,269
650,0.21796,0.55461,5,4,1416.0,78
2084,0.21808,0.67983,5,5,2938.0,132
804,0.21829,0.57696,5,5,3918.0,221
2148,0.21833,0.51189,5,3,3264.0,124
1680,0.21866,0.61196,5,5,2040.0,51
208,0.21869,0.50215,5,3,4296.0,140
646,0.21889,0.62278,5,5,1692.0,41
334,0.21891,0.67286,5,5,4828.0,466
1603,0.219,0.52174,5,4,493.0,11
2387,0.21909,0.51071,5,3,866.0,33
551,0.21928,0.52027,5,4,854.0,52
1521,0.2194,0.57823,5,5,754.0,43
474,0.21952,0.63409,5,5,2102.0,36
1833,0.21954,0.62772,5,5,2992.0,83
1722,0.22009,0.58748,5,5,11230.0,258
1849,0.22017,0.6002,5,5,2667.0,162
80,0.22028,0.60487,5,5,3002.0,94
896,0.22057,0.70299,5,5,5274.0,112
2068,0.22058,0.62274,5,5,2561.0,108
2000,0.22082,0.56604,5,4,552.0,61
1320,0.22094,0.55396,5,4,360.0,14
792,0.22101,0.61871,5,5,337.0,23
2143,0.22105,0.5625,5,4,299.0,9
419,0.22122,0.58355,5,5,1697.0,46
1419,0.22136,0.62058,5,5,7635.0,524
1304,0.22206,0.56173,5,4,899.0,90
412,0.2221,0.57994,5,5,2426.0,112
1556,0.22234,0.58578,5,5,3800.0,138
536,0.22236,0.57917,5,5,1557.0,87
185,0.2224,0.62166,5,5,2138.0,68
1568,0.22308,0.59762,5,5,4576.0,81
1251,0.2234,0.56481,5,4,326.0,53
61,0.22352,0.475,5,3,184.0,11
873,0.22364,0.56989,5,4,2938.0,113
2201,0.22376,0.66667,5,5,28.0,2
2327,0.22376,0.68647,5,5,1268.0,43
245,0.2238,0.76031,5,5,1396.0,48
127,0.22395,0.61293,5,5,4658.0,191
105,0.22403,0.53512,5,4,4592.0,169
1931,0.22418,0.60102,5,5,2211.0,101
1795,0.22431,0.72698,5,5,9752.0,1138
270,0.22458,0.56731,5,4,923.0,41
122,0.22466,0.58435,5,5,2354.0,132
1296,0.22467,0.61469,5,5,2124.0,80
461,0.22494,0.58609,5,5,665.0,39
1119,0.22506,0.58276,5,5,2233.0,68
520,0.22532,0.60532,5,5,2071.0,112
1324,0.22604,0.62528,5,5,2667.0,42
672,0.22611,0.63969,5,5,2731.0,121
1278,0.22618,0.6009,5,5,738.0,19
151,0.22644,0.57933,5,5,1226.0,49
2073,0.22644,0.66771,5,5,1697.0,72
1422,0.22647,0.58065,5,5,482.0,11
2348,0.22663,0.58678,5,5,279.0,56
1570,0.22743,0.53203,5,4,2390.0,51
253,0.22812,0.55292,5,4,10994.0,385
1390,0.22814,0.57153,5,4,4880.0,211
1708,0.22829,0.5932,5,5,3572.0,58
345,0.22832,0.66444,5,5,5741.0,182
1102,0.22841,0.55472,5,4,2263.0,81
1238,0.22856,0.62675,5,5,4679.0,51
552,0.22876,0.57594,5,5,2289.0,44
333,0.22907,0.5261,5,4,1249.0,39
1384,0.22908,0.59109,5,5,827.0,33
1608,0.22947,0.50141,5,3,1400.0,40
95,0.22965,0.69541,5,5,6500.0,308
483,0.2297,0.54535,5,4,2719.0,98
1562,0.2299,0.62931,5,5,1198.0,39
1969,0.22996,0.61728,5,5,2246.0,230
2380,0.23011,0.692,5,5,5019.0,177
1290,0.23037,0.51245,5,3,1060.0,34
1400,0.23043,0.71681,5,5,284.0,11
531,0.23107,0.66758,5,5,1061.0,40
667,0.23202,0.59305,5,5,1121.0,66
1675,0.23239,0.57357,5,5,4862.0,102
337,0.23312,0.48485,5,3,934.0,61
833,0.23357,0.58574,5,5,1976.0,34
409,0.23426,0.66233,5,5,4500.0,135
504,0.23447,0.58898,5,5,516.0,7
2052,0.23448,0.69231,5,5,132.0,6
2241,0.23462,0.64551,5,5,1506.0,79
2168,0.23467,0.59639,5,5,5667.0,197
890,0.23482,0.55495,5,4,1069.0,31
927,0.23505,0.53411,5,4,1531.0,46
1088,0.23514,0.46921,5,2,1440.0,91
2062,0.23549,0.53502,5,4,5358.0,220
2381,0.2355,0.64506,5,5,2185.0,92
651,0.23572,0.53846,5,4,371.0,8
1779,0.23576,0.61452,5,5,3509.0,109
732,0.23607,0.68218,5,5,3968.0,104
366,0.23635,0.53553,5,4,616.0,48
2356,0.23657,0.6102,5,5,2160.0,98
715,0.23738,0.61633,5,5,3712.0,178
2154,0.2375,0.63669,5,5,2523.0,120
570,0.23752,0.59221,5,5,1400.0,35
613,0.23804,0.56322,5,4,347.0,11
594,0.23825,0.63817,5,5,2421.0,104
454,0.23832,0.58674,5,5,8216.0,356
1581,0.2386,0.62919,5,5,1249.0,28
101,0.2391,0.62178,5,5,6652.0,242
892,0.23944,0.75122,5,5,443.0,22
1984,0.23945,0.66667,5,5,39.0,3
1605,0.23985,0.51169,5,3,729.0,57
2442,0.24033,0.55676,5,4,624.0,36
1381,0.24072,0.65672,5,5,134.0,49
224,0.24115,0.61974,5,5,1601.0,56
2441,0.24116,0.58756,5,5,1224.0,99
934,0.2413,0.60695,5,5,10709.0,234
357,0.24143,0.73088,5,5,1704.0,22
1870,0.24149,0.45349,5,2,304.0,37
1517,0.24168,0.63324,5,5,3871.0,135
1207,0.2417,0.53709,5,4,765.0,108
1750,0.24287,0.54167,5,4,736.0,20
1425,0.24334,0.64518,5,5,3829.0,131
1026,0.24356,0.65728,5,5,413.0,26
2309,0.24361,0.54762,5,4,275.0,12
152,0.24363,0.5426,5,4,1454.0,37
1357,0.24425,0.53242,5,4,3062.0,87
783,0.24441,0.4698,5,2,387.0,17
2409,0.24459,0.65079,5,5,907.0,8
1250,0.24492,0.60674,5,5,203.0,6
1188,0.24513,0.61508,5,5,3722.0,149
1737,0.24516,0.59829,5,5,351.0,27
1242,0.24516,0.52653,5,4,830.0,35
1266,0.24549,0.50926,5,3,1657.0,115
1576,0.24587,0.60072,5,5,471.0,18
668,0.24622,0.60506,5,5,1151.0,57
1232,0.24631,0.55307,5,4,488.0,22
1665,0.24636,0.51711,5,4,1557.0,108
11,0.24746,0.66667,5,5,33.0,5
229,0.24795,0.56442,5,4,1005.0,40
1143,0.24795,0.61905,5,5,173.0,12
231,0.24803,0.76923,5,5,326.0,9
306,0.24837,0.6623,5,5,5717.0,185
725,0.24889,0.62433,5,5,4829.0,133
2112,0.24892,0.54686,5,4,5116.0,132
1987,0.24902,0.67281,5,5,1974.0,76
2149,0.24907,0.48113,5,3,3703.0,112
1311,0.25012,0.63033,5,5,686.0,17
248,0.25019,0.76505,5,5,6039.0,57
1464,0.25039,0.66318,5,5,2474.0,76
962,0.25061,0.64587,5,5,1530.0,53
2445,0.25139,0.65098,5,5,6546.0,217
524,0.2516,0.62982,5,5,1985.0,72
780,0.25203,0.55678,5,4,580.0,67
367,0.25231,0.62357,5,5,7186.0,114
277,0.25271,0.69955,5,5,754.0,31
1898,0.25301,0.50365,5,3,718.0,48
1692,0.25316,0.66805,5,5,2017.0,150
165,0.25389,0.67364,5,5,2995.0,174
2250,0.25427,0.69149,5,5,2333.0,68
1319,0.25436,0.67925,5,5,1060.0,48
1033,0.25505,0.61097,5,5,1367.0,26
714,0.2553,0.58243,5,5,4117.0,294
1638,0.25555,0.61056,5,5,552.0,51
1981,0.25583,0.56849,5,4,1451.0,100
616,0.2561,0.74779,5,5,476.0,10
781,0.25626,0.631,5,5,1666.0,57
954,0.25712,0.68543,5,5,2537.0,53
1255,0.25739,0.63158,5,5,522.0,28
607,0.25754,0.62834,5,5,3203.0,216
1699,0.25829,0.69853,5,5,1065.0,29
984,0.25846,0.67773,5,5,1220.0,32
799,0.25903,0.72485,5,5,2084.0,68
495,0.25915,0.61932,5,5,3051.0,73
1838,0.25948,0.67778,5,5,1180.0,34
2160,0.25951,0.73333,5,5,748.0,57
630,0.25988,0.67157,5,5,7746.0,206
2435,0.25997,0.6276,5,5,3304.0,46
464,0.26013,0.67257,5,5,3590.0,173
585,0.26015,0.67528,5,5,805.0,42
1637,0.26037,0.56989,5,4,1170.0,66
490,0.26059,0.62326,5,5,3887.0,80
1183,0.26182,0.70073,5,5,260.0,9
1335,0.26201,0.74312,5,5,979.0,31
1754,0.2625,0.66898,5,5,4120.0,209
2187,0.26325,0.65316,5,5,2667.0,46
1868,0.26413,0.63009,5,5,701.0,39
1478,0.2642,0.56667,5,4,89.0,6
1667,0.26562,0.64659,5,5,891.0,42
2269,0.26618,0.58534,5,5,3274.0,209
422,0.26782,0.60417,5,5,983.0,20
339,0.26861,0.58263,5,5,1669.0,67
1574,0.26877,0.6514,5,5,3616.0,28
2467,0.26886,0.66152,5,5,12851.0,396
2391,0.26981,0.68898,5,5,634.0,54
2218,0.27136,0.67028,5,5,975.0,19
1336,0.27155,0.70747,5,5,6035.0,123
325,0.27218,0.72228,5,5,2851.0,75
375,0.27341,0.75294,5,5,204.0,24
2370,0.27391,0.70863,5,5,5308.0,172
1063,0.27404,0.54637,5,4,1327.0,57
423,0.27435,0.57759,5,5,231.0,14
1401,0.27491,0.70357,5,5,587.0,52
240,0.27579,0.51351,5,3,366.0,31
1560,0.27591,0.76303,5,5,1209.0,44
643,0.27603,0.68431,5,5,1416.0,31
635,0.27666,0.57143,5,4,363.0,34
1717,0.27683,0.64286,5,5,1758.0,88
770,0.277,0.63271,5,5,2246.0,43
1867,0.27724,0.59426,5,5,1094.0,75
2429,0.27913,0.54873,5,4,1807.0,66
2196,0.28084,0.66667,5,5,1153.0,65
410,0.28114,0.62648,5,5,1148.0,129
1926,0.2818,0.76548,5,5,2146.0,73
388,0.28203,0.68796,5,5,1287.0,58
1432,0.28295,0.63816,5,5,337.0,9
2119,0.28474,0.74573,5,5,2295.0,44
801,0.28598,0.69036,5,5,1652.0,29
2100,0.28649,0.70815,5,5,3185.0,71
535,0.28672,0.61008,5,5,1309.0,34
116,0.28918,0.66881,5,5,648.0,83
1043,0.28965,0.66573,5,5,989.0,19
1921,0.29024,0.60956,5,5,1460.0,104
2407,0.2915,0.72409,5,5,6665.0,179
1365,0.29331,0.65455,5,5,104.0,9
579,0.29608,0.6014,5,5,435.0,23
74,0.29712,0.57799,5,5,2048.0,131
1006,0.29712,0.69388,5,5,161.0,11
458,0.29858,0.72087,5,5,1686.0,127
716,0.2996,0.62775,5,5,1291.0,81
429,0.30318,0.63298,5,5,543.0,43
2164,0.30434,0.68788,5,5,1596.0,40
1429,0.30497,0.73981,5,5,819.0,83
1252,0.30658,0.6875,5,5,1153.0,46
1846,0.30677,0.67111,5,5,690.0,25
452,0.30935,0.63881,5,5,787.0,26
796,0.31548,0.72,5,5,446.0,50
1738,0.31617,0.74444,5,5,1379.0,62
1504,0.32323,0.57143,5,4,66.0,3
930,0.32368,0.62406,5,5,967.0,43
147,0.32489,0.79637,5,5,1487.0,36
2271,0.32701,0.68715,5,5,362.0,46
2439,0.3271,0.67708,5,5,597.0,72
407,0.33349,0.71223,5,5,696.0,52
227,0.33417,0.59004,5,5,1390.0,135
363,0.3357,0.69565,5,5,52.0,4
1341,0.33622,0.86957,5,5,435.0,13
2383,0.34954,0.63309,5,5,556.0,18
60,0.3505,0.47664,5,3,401.0,8
2026,0.3563,0.73067,5,5,1182.0,18
559,0.36103,0.53409,5,4,249.0,27
295,0.36217,0.73171,5,5,149.0,5
2157,0.36542,0.76923,5,5,391.0,12
435,0.37024,0.66038,5,5,1817.0,93
2333,0.38402,0.73864,5,5,271.0,24
1607,0.3843,0.80588,5,5,3883.0,138
2111,0.39599,0.79389,5,5,2590.0,123
1674,0.40079,0.7625,5,5,120.0,8
2474,0.40107,0.83929,5,5,511.0,49
1480,0.4155,0.69697,5,5,152.0,27
2054,0.44007,0.82716,5,5,218.0,26
