weight_method,value_tier,churn_risk,cat_behavior,households,deep_events,full_events,visit_diff,visit_se,spend_diff,spend_se,visit_ci_low,visit_ci_high,spend_ci_low,spend_ci_high,performance_quadrant
Equal RFM,V1 Core,false,C1 Stock-up risk,218,530,1426,-0.030402427814080559,0.18085494982428454,-11.91155023696011,8.5774847321258409,-0.38487812946967825,0.32407327384151718,-28.723420311926759,4.9003198380065385,Q4 Relationship weakened
Equal RFM,V1 Core,false,C2 New trial,405,1331,5666,0.0091924637356226632,0.089551198350832625,-0.58829936566598073,4.03141562020044,-0.16632788503200929,0.18471281250325461,-8.4898739812588442,7.3132752499268818,Q2 More low-value visits
Equal RFM,V1 Core,false,C3 Regular-price repeat,409,1759,22260,-0.21576090098689851,0.091787192434282724,-8.2900946705683189,3.6573260130972938,-0.39566379815809266,-0.035858003815704365,-15.458453656239016,-1.1217356848976232,Q4 Relationship weakened
Equal RFM,V1 Core,false,C4 Promotion responsive,241,607,1084,-0.028393352288215351,0.1703886338901483,-7.2891796462941718,8.1151946534102155,-0.36235507471290607,0.30556837013647531,-23.194961166978192,8.61660187438985,Q4 Relationship weakened
Equal RFM,V1 Core,false,C5 Low-frequency/irregular,548,5859,23885,-0.087097667724477676,0.042234952391557549,-2.148654535170897,2.0836768146239395,-0.16987817441193048,-0.0043171610370248831,-6.232661091833819,1.9353520214920246,Q4 Relationship weakened
Equal RFM,V1 Core,true,C1 Stock-up risk,151,339,791,-0.19163965216200116,0.197341614332259,-1.8195418472488891,10.252611408728118,-0.57842921625322874,0.19514991192922646,-21.914660208356,18.275576513858223,Q4 Relationship weakened
Equal RFM,V1 Core,true,C2 New trial,222,617,2479,-0.28206476116712159,0.15648844957814234,-10.245298533476079,6.11120921945236,-0.5887821223402806,0.024652600006037417,-22.223268603602705,1.7326715366505461,Q4 Relationship weakened
Equal RFM,V1 Core,true,C3 Regular-price repeat,232,965,12077,-0.26631709632086975,0.10059971302397663,-12.279722551111647,4.6130942523324965,-0.46349253384786393,-0.069141658793875543,-21.32138728568334,-3.2380578165399534,Q4 Relationship weakened
Equal RFM,V1 Core,true,C4 Promotion responsive,138,348,649,-0.24730765114396838,0.19178278805494334,-7.9915097022897461,11.740138353042104,-0.62320191573165729,0.12858661344372055,-31.002180874252272,15.019161469672778,Q4 Relationship weakened
Equal RFM,V1 Core,true,C5 Low-frequency/irregular,334,2980,12536,0.014436348587592778,0.066900273305947264,-1.9413608189202152,2.7310653042377049,-0.11668818709206384,0.14556088426724939,-7.2942488152261173,3.4115271773856866,Q2 More low-value visits
Equal RFM,V2 Growth potential,false,C1 Stock-up risk,288,534,948,-0.12752843728720928,0.137105032639442,-9.0400391368652038,5.8709206055776644,-0.39625430126051553,0.141197426686097,-20.547043523797427,2.4669652500670178,Q4 Relationship weakened
Equal RFM,V2 Growth potential,false,C2 New trial,831,2560,9293,0.040609038417491264,0.057078316366574816,-0.19896615563623066,2.5789576803228509,-0.071264461660995371,0.1524825384959779,-5.253723209069018,4.8557908977965569,Q2 More low-value visits
Equal RFM,V2 Growth potential,false,C3 Regular-price repeat,620,1664,15853,-0.13568795241702705,0.074620486662809918,-3.2588721640202727,3.1994135029262125,-0.28194410627613448,0.010568201442080372,-9.52972262975565,3.0119783017151041,Q4 Relationship weakened
Equal RFM,V2 Growth potential,false,C4 Promotion responsive,302,583,879,-0.2069713215408579,0.13528069804539353,-10.523301607011458,6.0335886371517864,-0.4721214897098292,0.0581788466281134,-22.349135335828962,1.3025321218060437,Q4 Relationship weakened
Equal RFM,V2 Growth potential,false,C5 Low-frequency/irregular,1063,8560,31855,-0.11361522332893145,0.031396219615352224,-6.6943071658028979,1.4990637019641677,-0.17515181377502181,-0.0520786328828411,-9.6324720216526671,-3.756142309953129,Q4 Relationship weakened
Equal RFM,V2 Growth potential,true,C1 Stock-up risk,231,453,737,-0.24972543089426189,0.15739933307460355,-1.3966258027085958,7.6233914013044615,-0.5582281237204848,0.058777261931961061,-16.338472949265341,13.545221343848148,Q4 Relationship weakened
Equal RFM,V2 Growth potential,true,C2 New trial,537,1278,4429,-0.014353214896554105,0.076092370517408983,-8.1666021057860654,3.5141428909340688,-0.16349426111067572,0.1347878313175675,-15.054322172016839,-1.2788820395552909,Q4 Relationship weakened
Equal RFM,V2 Growth potential,true,C3 Regular-price repeat,481,1302,11850,-0.24818710121236606,0.076873982013331926,-9.3485340855293817,3.6517916617143809,-0.39886010595849664,-0.097514096466235489,-16.506045742489569,-2.1910224285691955,Q4 Relationship weakened
Equal RFM,V2 Growth potential,true,C4 Promotion responsive,252,493,692,-0.021274679905632372,0.15359147412908336,-11.92179218631898,7.4126287040546579,-0.32231396919863575,0.279764609387371,-26.450544446266107,2.6069600736281497,Q4 Relationship weakened
Equal RFM,V2 Growth potential,true,C5 Low-frequency/irregular,763,5384,19699,-0.014864028911996993,0.039002484661430782,-4.9000640633360684,1.8284025880464594,-0.091308898848401321,0.061580841024407335,-8.4837331359071282,-1.3163949907650081,Q4 Relationship weakened
Equal RFM,V3 Maintain,false,C1 Stock-up risk,182,292,441,-0.16964923050087882,0.19073533662082731,0.93739057615156,9.8380819980363441,-0.54349049027770036,0.20419202927594271,-18.345250139999674,20.220031292302796,Q3 Fewer high-value visits
Equal RFM,V3 Maintain,false,C2 New trial,1146,3447,11035,0.0089951754346529276,0.03831518501703253,-3.2578756418021295,1.6567329554288026,-0.066102587198730828,0.0840929380680367,-6.5050722344425829,-0.010679049161676613,Q2 More low-value visits
Equal RFM,V3 Maintain,false,C3 Regular-price repeat,526,963,6931,-0.12517042135763767,0.08052917221711349,-3.4451982828923176,2.9842993290772819,-0.28300759890318011,0.032666756187904766,-9.29442496788379,2.4040284020991547,Q4 Relationship weakened
Equal RFM,V3 Maintain,false,C4 Promotion responsive,207,354,451,-0.068336226307240885,0.13488646193969664,-6.5114872412879761,6.1216664389412738,-0.3327136917090463,0.1960412390945645,-18.509953461612874,5.4869789790369206,Q4 Relationship weakened
Equal RFM,V3 Maintain,false,C5 Low-frequency/irregular,1354,8083,27021,-0.11397511841191507,0.0275536559836969,-5.0790297872829013,1.0888186077881261,-0.167980284139961,-0.059969952683869149,-7.2131142585476287,-2.944945316018174,Q4 Relationship weakened
Equal RFM,V3 Maintain,true,C1 Stock-up risk,190,309,430,0.025319548872180433,0.16090481954666791,-1.4018794277360067,7.6283954688981952,-0.29005389743928867,0.34069299518364948,-16.353534546776469,13.549775691304454,Q2 More low-value visits
Equal RFM,V3 Maintain,true,C2 New trial,847,1995,6164,-0.0902580552042957,0.049080000771137409,-5.3798771537819627,2.1183465774013439,-0.186454856715725,0.0059387463071336188,-9.5318364454885973,-1.227917862075329,Q4 Relationship weakened
Equal RFM,V3 Maintain,true,C3 Regular-price repeat,453,912,7131,-0.032559282604716307,0.07689770701054062,1.7564701948669179,3.7081294410126948,-0.18327878834537592,0.11816022313594332,-5.5114635095179629,9.0244038992518,Q3 Fewer high-value visits
Equal RFM,V3 Maintain,true,C4 Promotion responsive,227,373,529,0.16479966435913579,0.14957519156530122,-10.385994440948188,7.1300868791055052,-0.12836771110885459,0.45796703982712617,-24.360964723994979,3.588975842098602,Q2 More low-value visits
Equal RFM,V3 Maintain,true,C5 Low-frequency/irregular,1158,6282,21710,-0.069527319968932119,0.033062814294256671,-5.17834122990605,1.3119922858853079,-0.13433043598567518,-0.0047242039521890461,-7.7498461102412541,-2.6068363495708469,Q4 Relationship weakened
Equal RFM,V4 Low engagement,false,C1 Stock-up risk,74,103,127,0.022072072072072103,0.14597881377704816,-12.704202702702711,7.6159312553196656,-0.26404640293094228,0.30819054707508653,-27.631427963129255,2.2230225577238336,Q2 More low-value visits
Equal RFM,V4 Low engagement,false,C2 New trial,1435,5940,17603,-0.076816756959530164,0.025793783213525864,-2.4511241181655157,1.0246544122492449,-0.12737257205804087,-0.026260941861019467,-4.459446766174036,-0.44280147015699578,Q4 Relationship weakened
Equal RFM,V4 Low engagement,false,C3 Regular-price repeat,211,315,1484,0.071661251630475958,0.10110506835225,4.7752349266048659,4.2605013072960558,-0.12650468233993403,0.26982718560088592,-3.5753476356954037,13.125817488905135,Q1 Relationship strengthened
Equal RFM,V4 Low engagement,false,C4 Promotion responsive,116,187,213,-0.037068965517241412,0.12814640523518406,3.1481760057471262,7.7903422732602063,-0.28823591977820218,0.21409798874371933,-12.120894849842877,18.41724686133713,Q3 Fewer high-value visits
Equal RFM,V4 Low engagement,false,C5 Low-frequency/irregular,1379,7307,21452,-0.050853532783497142,0.027305930930852346,-3.1415719266769324,1.0299560774154053,-0.10437315740796774,0.002666091840973453,-5.1602858384111272,-1.1228580149427381,Q4 Relationship weakened
Equal RFM,V4 Low engagement,true,C1 Stock-up risk,153,212,269,-0.15490196078431381,0.13425747936988139,-0.38556753812636207,6.6469134604180571,-0.41804662034928131,0.10824269878065371,-13.413517920545752,12.64238284429303,Q4 Relationship weakened
Equal RFM,V4 Low engagement,true,C2 New trial,1425,4870,14230,-0.0052110092464154288,0.029501875128266783,-1.9737240279265504,1.2641447592763446,-0.063034684497818322,0.052612666004987471,-4.4514477561081858,0.50399970025508511,Q4 Relationship weakened
Equal RFM,V4 Low engagement,true,C3 Regular-price repeat,313,500,2635,-0.12142354419918677,0.080247064627156736,-3.6595653943762323,4.4151297411050976,-0.27870779086841396,0.035860702470040418,-12.313219686942222,4.9940888981897587,Q4 Relationship weakened
Equal RFM,V4 Low engagement,true,C4 Promotion responsive,226,374,465,0.16228402865570996,0.13141612721604359,-0.85177739148757214,6.3856097618649983,-0.095291580687735467,0.41985963799915538,-13.367572524742968,11.664017741767825,Q2 More low-value visits
Equal RFM,V4 Low engagement,true,C5 Low-frequency/irregular,1542,9197,27515,-0.083305648431007476,0.024597786167607983,-3.3269262533353468,0.94266076322876158,-0.1315173093195191,-0.035093987542495833,-5.17454134926372,-1.4793111574069742,Q4 Relationship weakened
Spend weighted,V1 Core,false,C1 Stock-up risk,238,654,1756,-0.10398080639759681,0.14742378699419215,-11.117056506141848,7.7896605234117144,-0.39293142890621341,0.18496981611101976,-26.384791132028809,4.1506781197451126,Q4 Relationship weakened
Spend weighted,V1 Core,false,C2 New trial,400,1429,6271,0.015955643520524209,0.081932733047417147,-1.7173936137650627,3.8957954208887378,-0.14463251325241341,0.17654380029346181,-9.35315263870699,5.9183654111768629,Q2 More low-value visits
Spend weighted,V1 Core,false,C3 Regular-price repeat,409,2065,25576,-0.13507109061949257,0.077493447203485236,-6.067956919235832,3.3053469032839367,-0.28695824713832363,0.016816065899338484,-12.546436849672347,0.41052301120068346,Q4 Relationship weakened
Spend weighted,V1 Core,false,C4 Promotion responsive,250,719,1303,-0.14418814687279471,0.14436544323316139,-13.85183978398784,7.5274411741112566,-0.427144415609791,0.13876812186420159,-28.605624485245905,0.90194491727022275,Q4 Relationship weakened
Spend weighted,V1 Core,false,C5 Low-frequency/irregular,529,6669,27237,-0.067636960384411235,0.043016678603359795,-3.7552857134131248,2.1207776802774614,-0.15194965044699643,0.016675729678173962,-7.9120099667569495,0.40143853993069989,Q4 Relationship weakened
Spend weighted,V1 Core,true,C1 Stock-up risk,165,437,1022,-0.20510067335727167,0.17499074136168996,-1.0297689771269227,9.1597972768466622,-0.54808252642618394,0.13788117971164066,-18.982971639746381,16.923433685492533,Q4 Relationship weakened
Spend weighted,V1 Core,true,C2 New trial,227,695,2858,-0.0742073031346763,0.13384294459639912,-6.3046127660152012,5.5663535093657313,-0.33653947454361854,0.18812486827426597,-17.214665644372033,4.6054401123416318,Q4 Relationship weakened
Spend weighted,V1 Core,true,C3 Regular-price repeat,256,1201,15050,-0.23298431334137656,0.092804433324447572,-12.33064001645514,4.2000142685445727,-0.41488100265729377,-0.051087624025459327,-20.562667982802502,-4.0986120501077785,Q4 Relationship weakened
Spend weighted,V1 Core,true,C4 Promotion responsive,154,438,839,-0.11977923506762318,0.17651147545546966,-3.3091012168164515,10.0033687345731,-0.46574172696034372,0.22618325682509738,-22.915703936579725,16.297501502946822,Q4 Relationship weakened
Spend weighted,V1 Core,true,C5 Low-frequency/irregular,333,3557,15050,-0.052721363791634106,0.060459505189887332,-2.7835087579195026,2.9425817143377198,-0.17122199396381327,0.065779266380545071,-8.5509689180214323,2.983951402182428,Q4 Relationship weakened
Spend weighted,V2 Growth potential,false,C1 Stock-up risk,258,501,897,-0.14492552274700005,0.157110495222913,-7.8139646669513292,6.5842593003645717,-0.45286209338390954,0.16301104788990944,-20.719112895665891,5.0911835617632315,Q4 Relationship weakened
Spend weighted,V2 Growth potential,false,C2 New trial,762,2488,9174,-0.030032493254862722,0.055837217164510906,-2.7004450210308577,2.5990256880187341,-0.1394734388973041,0.079408452387578654,-7.7945353695475763,2.3936453274858613,Q4 Relationship weakened
Spend weighted,V2 Growth potential,false,C3 Regular-price repeat,588,1606,15338,-0.1549111871134623,0.077351386515609313,-6.41837026270398,3.412829259209587,-0.30651990468405654,-0.0033024695428680584,-13.107515610754771,0.27077508534681094,Q4 Relationship weakened
Spend weighted,V2 Growth potential,false,C4 Promotion responsive,303,590,902,-0.17182543345909679,0.13459061193968294,-8.639313450759,5.8941075750566405,-0.43562303286087534,0.091972165942681761,-20.191764297870016,2.9131373963520151,Q4 Relationship weakened
Spend weighted,V2 Growth potential,false,C5 Low-frequency/irregular,941,8472,31527,-0.095965428883205084,0.030913136686687742,-5.2513781810901108,1.2833951532303229,-0.15655517678911307,-0.035375680977297111,-7.766832681421544,-2.735923680758678,Q4 Relationship weakened
Spend weighted,V2 Growth potential,true,C1 Stock-up risk,219,420,715,-0.30232049786844312,0.15887197758711472,-9.9242429250100539,7.2506606758582226,-0.613709573939188,0.0090685782023017247,-24.13553784969217,4.2870519996720624,Q4 Relationship weakened
Spend weighted,V2 Growth potential,true,C2 New trial,508,1283,4712,-0.16598785194972546,0.080040422574672712,-8.1511629540014816,3.7017364553261629,-0.322867080196084,-0.00910862370336693,-15.40656640644076,-0.89575950156220241,Q4 Relationship weakened
Spend weighted,V2 Growth potential,true,C3 Regular-price repeat,442,1266,11219,-0.17407102164540486,0.072633735081348974,-10.047516398532119,3.2194497651825227,-0.31643314240484888,-0.031708900885960872,-16.357637938289862,-3.7373948587743753,Q4 Relationship weakened
Spend weighted,V2 Growth potential,true,C4 Promotion responsive,224,475,654,-0.22234139868068442,0.1558907127605787,-10.926512830795206,7.3108997736231043,-0.52788719569141862,0.083204398330049834,-25.255876387096492,3.4028507255060791,Q4 Relationship weakened
Spend weighted,V2 Growth potential,true,C5 Low-frequency/irregular,671,5305,19720,-0.039858893713484909,0.036173214126403341,-6.4765633061531238,1.9523517169147824,-0.11075839340123544,0.031040605974265632,-10.303172671306097,-2.6499539410001502,Q4 Relationship weakened
Spend weighted,V3 Maintain,false,C1 Stock-up risk,154,237,370,-0.16810431631860209,0.17510496457406843,-9.694099660260374,7.7132894709957887,-0.51131004688377624,0.17510141424657202,-24.81214702341212,5.4239477028913718,Q4 Relationship weakened
Spend weighted,V3 Maintain,false,C2 New trial,974,3123,10289,-0.0083898199845752874,0.039097864915100373,-0.82468336229189776,1.6934585194669942,-0.08502163521817202,0.068241995249021442,-4.1438620604472067,2.494495335863411,Q4 Relationship weakened
Spend weighted,V3 Maintain,false,C3 Regular-price repeat,455,752,5268,-0.15560013446476123,0.078212902921737743,-4.1446836831373748,2.9663800304478176,-0.30889742419136723,-0.0023028447381552575,-9.9587885428150962,1.6694211765403475,Q4 Relationship weakened
Spend weighted,V3 Maintain,false,C4 Promotion responsive,200,331,411,-0.11632341269841268,0.1497817662111843,-6.3194109325396841,7.1323201840664048,-0.40989567447233388,0.17724884907550853,-20.298758493309837,7.6599366282304686,Q4 Relationship weakened
Spend weighted,V3 Maintain,false,C5 Low-frequency/irregular,1187,7543,25521,-0.061949714044546848,0.026515972421587819,-3.934213039581111,0.98816041533932908,-0.11392101999085896,-0.009978408098234727,-5.8710074536461958,-1.997418625516026,Q4 Relationship weakened
Spend weighted,V3 Maintain,true,C1 Stock-up risk,170,278,377,-0.047352941176470577,0.1650000999601442,-1.491834150326798,7.4394540402824569,-0.37075313709835322,0.27604725474541203,-16.073164069280413,13.089495768626819,Q4 Relationship weakened
Spend weighted,V3 Maintain,true,C2 New trial,713,1757,5682,-0.028687552437958244,0.056618961959397009,-1.9675286356558548,2.5113389192769704,-0.13966071787837636,0.082285613002459887,-6.8897529174387167,2.9546956461270071,Q4 Relationship weakened
Spend weighted,V3 Maintain,true,C3 Regular-price repeat,418,810,5899,-0.015501068053415237,0.086233991554798217,0.17749890940156482,3.9743420869395196,-0.18451969150081976,0.15351755539398926,-7.6122115809998938,7.9672093998030231,Q3 Fewer high-value visits
Spend weighted,V3 Maintain,true,C4 Promotion responsive,220,389,503,-0.035809884559884528,0.12617682695787244,-12.641446789321787,5.6660518928574026,-0.2831164653973145,0.21149669627754547,-23.746908499322295,-1.5359850793212786,Q4 Relationship weakened
Spend weighted,V3 Maintain,true,C5 Low-frequency/irregular,987,6049,20548,-0.051990667345275257,0.031666486279224325,-3.8165647050083287,1.2727111240851774,-0.11405698045255494,0.010075645762004419,-6.3110785082152763,-1.3220509018013811,Q4 Relationship weakened
Spend weighted,V4 Low engagement,false,C1 Stock-up risk,59,80,101,0.13389830508474576,0.16496745635693197,-1.5197627118644088,8.1860810314404251,-0.1894379093748409,0.45723451954433242,-17.564481533487641,14.524956109758822,Q2 More low-value visits
Spend weighted,V4 Low engagement,false,C2 New trial,1413,6288,18658,-0.073840439625999219,0.024196407989908134,-3.0123393079654233,0.90922923350709983,-0.12126539928621916,-0.026415479965779275,-4.7944286056393386,-1.2302500102915077,Q4 Relationship weakened
Spend weighted,V4 Low engagement,false,C3 Regular-price repeat,188,275,1270,0.11463881695225583,0.10465619153199879,4.7515879586427552,4.2698117571545495,-0.09048731845046179,0.31976495235497349,-3.6172430853801618,13.120419002665672,Q1 Relationship strengthened
Spend weighted,V4 Low engagement,false,C4 Promotion responsive,100,153,172,0.065833333333333327,0.15077100298900981,8.3924408333333371,8.1672510830227285,-0.22967783252512589,0.36134449919179257,-7.6153712893912111,24.400252956057884,Q1 Relationship strengthened
Spend weighted,V4 Low engagement,false,C5 Low-frequency/irregular,1341,7137,20573,-0.049421359924451513,0.026593121169663617,-2.7055206926545381,0.931931916843157,-0.1015438774169922,0.0027011575680891756,-4.532107249667126,-0.87893413564195044,Q4 Relationship weakened
Spend weighted,V4 Low engagement,true,C1 Stock-up risk,143,196,216,-0.1573426573426574,0.14621167124066067,0.56464452214452154,6.562200330303793,-0.44391753297435232,0.12923221828903753,-12.297268125250913,13.426557169539954,Q3 Fewer high-value visits
Spend weighted,V4 Low engagement,true,C2 New trial,1424,5065,14871,0.0056757248930293033,0.026321796908579085,-0.9848070875156979,1.0966752480413937,-0.045914997047785705,0.057266446833844312,-3.1342905736768296,1.164676398645434,Q2 More low-value visits
Spend weighted,V4 Low engagement,true,C3 Regular-price repeat,275,404,2022,-0.19889969591071774,0.083870238290235627,-9.1924357511997332,3.972459410929599,-0.36328536295957958,-0.034514028861855922,-16.978456196621746,-1.4064153057777196,Q4 Relationship weakened
Spend weighted,V4 Low engagement,true,C4 Promotion responsive,205,318,397,0.010046457607433204,0.13996865716618465,-4.284848083623694,7.0512621830201505,-0.26429211043828865,0.2843850256531551,-18.10532196234319,9.5356257950958,Q2 More low-value visits
Spend weighted,V4 Low engagement,true,C5 Low-frequency/irregular,1509,8949,26557,-0.073266757168365532,0.023343425818447134,-2.889330234001855,0.891693781727276,-0.11901987177252191,-0.027513642564209149,-4.6370500461873156,-1.141610421816394,Q4 Relationship weakened
Visit weighted,V1 Core,false,C1 Stock-up risk,234,595,1592,-0.1266638517125932,0.16818944253479198,-12.796074029841359,7.775194808354227,-0.45631515908078546,0.20298745565559906,-28.035455854215641,2.4433077945329256,Q4 Relationship weakened
Visit weighted,V1 Core,false,C2 New trial,438,1536,6479,-0.0035881037028003319,0.079017905163991473,-0.74095622210153356,3.6975686489985575,-0.15846319782422361,0.15128699041862295,-7.9881907741387064,6.50627832993564,Q4 Relationship weakened
Visit weighted,V1 Core,false,C3 Regular-price repeat,431,1925,24537,-0.21990042905780188,0.086876779579412713,-6.5793892100085047,3.4080920975002753,-0.39017891703345081,-0.049621941082152954,-13.259249721109043,0.10047130109203462,Q4 Relationship weakened
Visit weighted,V1 Core,false,C4 Promotion responsive,259,667,1225,-0.070614522240630292,0.16135320237720757,-9.6098804901068959,7.4445254130681624,-0.38686679889995712,0.24563775441869651,-24.201150299720496,4.9813893195067021,Q4 Relationship weakened
Visit weighted,V1 Core,false,C5 Low-frequency/irregular,575,6586,26568,-0.076529984979888083,0.043414295473822251,-2.1635238674867674,1.9845036886950278,-0.16162200410857969,0.0085620341488035212,-6.0531510973290219,1.7261033623554871,Q4 Relationship weakened
Visit weighted,V1 Core,true,C1 Stock-up risk,158,390,888,-0.19268581589682054,0.18591876481482003,-2.0235735970999373,9.7112713962581427,-0.55708659493386781,0.17171496314022672,-21.057665533765896,17.010518339566023,Q4 Relationship weakened
Visit weighted,V1 Core,true,C2 New trial,238,702,2786,-0.26554954986707729,0.14582091642592174,-10.68184721849085,5.6055501684905815,-0.551358546061884,0.020259446327729302,-21.66872554873239,0.30503111175069009,Q4 Relationship weakened
Visit weighted,V1 Core,true,C3 Regular-price repeat,249,1047,13358,-0.22339121640903473,0.097492114145792161,-13.638532073785125,4.3975156173428864,-0.41447576013478737,-0.032306672683282106,-22.257662683777184,-5.0194014637930682,Q4 Relationship weakened
Visit weighted,V1 Core,true,C4 Promotion responsive,148,390,720,-0.0069399885576356445,0.19884448709381944,-3.5062583636664484,10.943547024979669,-0.39667518326152174,0.3827952061462504,-24.955610532626597,17.943093805293703,Q4 Relationship weakened
Visit weighted,V1 Core,true,C5 Low-frequency/irregular,342,3368,13736,-0.005290822046633269,0.061229105973449133,-1.9334231368268679,2.6387608161153389,-0.12529986975459356,0.11471822566132703,-7.1053943364129317,3.2385480627591963,Q4 Relationship weakened
Visit weighted,V2 Growth potential,false,C1 Stock-up risk,277,533,932,0.0069861092946785722,0.1454762508292895,-4.747206451269296,6.107859377912412,-0.27814734233072885,0.292119560920086,-16.718610831977621,7.2241979294390308,Q2 More low-value visits
Visit weighted,V2 Growth potential,false,C2 New trial,822,2670,9647,-0.029040071537087181,0.0537102290916929,-1.6066078241104405,2.5104472258963821,-0.13431212055680525,0.0762319774826309,-6.5270843868673492,3.3138687386464678,Q4 Relationship weakened
Visit weighted,V2 Growth potential,false,C3 Regular-price repeat,595,1615,15137,-0.13387656093675265,0.072015030893385984,-6.9459696750768369,3.1843823300022,-0.27502602148778921,0.0072728996142838731,-13.187359041881148,-0.70458030827252482,Q4 Relationship weakened
Visit weighted,V2 Growth potential,false,C4 Promotion responsive,298,586,865,-0.26207448405434969,0.12217745295476436,-7.6660591975604575,5.4936846252948586,-0.50154229184568777,-0.022606676263011549,-18.43368106313838,3.1015626680174648,Q4 Relationship weakened
Visit weighted,V2 Growth potential,false,C5 Low-frequency/irregular,1056,8696,32044,-0.11752271607456494,0.038304948622615929,-6.1591588202663017,1.2410074719305135,-0.19260041537489214,-0.042445016774237718,-8.5915334652501087,-3.7267841752824951,Q4 Relationship weakened
Visit weighted,V2 Growth potential,true,C1 Stock-up risk,237,449,740,-0.20518930202474531,0.15927713261731308,-2.3998321726913425,7.1678365071408772,-0.51737248195467889,0.1069938779051883,-16.44879172668746,11.649127381304776,Q4 Relationship weakened
Visit weighted,V2 Growth potential,true,C2 New trial,539,1337,4663,-0.088672129660704008,0.073563798937757871,-6.6169436831408142,3.4743807486566372,-0.23285717557870944,0.055512916257301426,-13.426729950507823,0.19284258422619427,Q4 Relationship weakened
Visit weighted,V2 Growth potential,true,C3 Regular-price repeat,476,1315,11506,-0.20435457752321429,0.076256157031586141,-4.561337096364718,3.3570613935687486,-0.35381664530512313,-0.05489250974130544,-11.141177427759466,2.0185032350300292,Q4 Relationship weakened
Visit weighted,V2 Growth potential,true,C4 Promotion responsive,242,488,683,-0.19714664353094108,0.14827554369352886,-18.423919446829576,7.554642999119551,-0.48776670917025761,0.093473422108375448,-33.231019725103891,-3.6168191685552564,Q4 Relationship weakened
Visit weighted,V2 Growth potential,true,C5 Low-frequency/irregular,771,5464,20102,-0.030262556698447348,0.03835155317131058,-5.0777234643290745,1.8543321134412758,-0.10543160091421609,0.044906487517321389,-8.7122144066739757,-1.4432325219841742,Q4 Relationship weakened
Visit weighted,V3 Maintain,false,C1 Stock-up risk,158,255,398,-0.13894646141481579,0.18171870503474036,-3.0751622617888486,10.60528483971019,-0.49511512328290685,0.21722220045327531,-23.86152054762082,17.711196024043126,Q4 Relationship weakened
Visit weighted,V3 Maintain,false,C2 New trial,1106,3306,10463,0.016890241677880551,0.037657536019215919,-3.0343252758215407,1.6796104811168073,-0.056918528919782656,0.09069901227554375,-6.3263618188104829,0.25771126716740156,Q2 More low-value visits
Visit weighted,V3 Maintain,false,C3 Regular-price repeat,473,867,5971,-0.082289356919018064,0.0730019943111955,-1.4197701771385396,3.1145709915997535,-0.22537326576896125,0.060794551930925117,-7.524329320674056,4.6847889663969777,Q4 Relationship weakened
Visit weighted,V3 Maintain,false,C4 Promotion responsive,185,322,410,-0.054487149487149389,0.13954109647256666,-3.2051159685659734,6.7407911672520289,-0.32798769857338,0.21901339959908123,-16.417066656379951,10.006834719248003,Q4 Relationship weakened
Visit weighted,V3 Maintain,false,C5 Low-frequency/irregular,1285,7506,25124,-0.082761040793208243,0.0278685331482445,-4.5624505467069163,1.1093906177800219,-0.13738336576376747,-0.02813871582264902,-6.7368561575557591,-2.3880449358580735,Q4 Relationship weakened
Visit weighted,V3 Maintain,true,C1 Stock-up risk,182,294,407,-0.048312401883830472,0.15238382484135379,-0.90668308477237258,7.9294882803624125,-0.34698469857288389,0.25035989480522297,-16.4484801142827,14.635113944737954,Q4 Relationship weakened
Visit weighted,V3 Maintain,true,C2 New trial,809,1945,5841,-0.054881400716116933,0.048795645223056038,-4.2178142462205379,2.187789199315314,-0.15052086535330678,0.0407580639210729,-8.505881076878552,0.070252584437477061,Q4 Relationship weakened
Visit weighted,V3 Maintain,true,C3 Regular-price repeat,423,839,6716,0.037402348056502666,0.071651603941273609,2.5127191767260655,3.7647312082396955,-0.1030347956683936,0.17783949178139893,-4.8661539914237375,9.8915923448758676,Q1 Relationship strengthened
Visit weighted,V3 Maintain,true,C4 Promotion responsive,215,353,493,0.032879291251384328,0.14411372239740167,-15.443854374307863,7.3151031275598788,-0.24958360464752294,0.31534218715029161,-29.781456504325227,-1.1062522442905003,Q2 More low-value visits
Visit weighted,V3 Maintain,true,C5 Low-frequency/irregular,1112,6048,20722,-0.08137372427116038,0.03006150013546955,-4.7598299990370476,1.2768278990796376,-0.1402942645366807,-0.022453184005640066,-7.2624126812331369,-2.2572473168409579,Q4 Relationship weakened
Visit weighted,V4 Low engagement,false,C1 Stock-up risk,69,97,122,-0.027053140096618356,0.14660928080224955,-14.668782608695658,7.7340147788488132,-0.31440733046902747,0.26030105027579076,-29.82745157523933,0.48988635784801637,Q4 Relationship weakened
Visit weighted,V4 Low engagement,false,C2 New trial,1385,5767,17194,-0.082233990242541591,0.025379905054336651,-2.4747200719597546,1.032876744820316,-0.13197860414904142,-0.032489376336041757,-4.4991584918075738,-0.45028165211193549,Q4 Relationship weakened
Visit weighted,V4 Low engagement,false,C3 Regular-price repeat,198,296,1374,0.069962651906884013,0.10296549510382715,4.5461146171755944,4.4056614289546658,-0.1318497184966172,0.27177502231038519,-4.0889817835755506,13.181211017926739,Q1 Relationship strengthened
Visit weighted,V4 Low engagement,false,C4 Promotion responsive,109,174,201,-0.021100917431192676,0.13631451066156669,1.2678983180428123,8.0403178948521443,-0.28827735832786339,0.246075523465478,-14.491124755867391,17.026921391953017,Q3 Fewer high-value visits
Visit weighted,V4 Low engagement,false,C5 Low-frequency/irregular,1318,7018,20633,-0.035562879632004135,0.027939749305007477,-2.7842791050172662,1.0610992012469256,-0.0903247882698188,0.019199029005810518,-4.86403353946124,-0.70452467057329216,Q4 Relationship weakened
Visit weighted,V4 Low engagement,true,C1 Stock-up risk,147,203,258,-0.11247165532879821,0.13713959208425242,0.22781065759637123,6.9084494016089408,-0.38126525581393295,0.15632194515633652,-13.312750169557152,13.768371484749895,Q3 Fewer high-value visits
Visit weighted,V4 Low engagement,true,C2 New trial,1400,4782,13989,-0.00085716797541562722,0.028239987244742595,-1.8915484596132386,1.2464432330478785,-0.056207542975111116,0.054493207024279858,-4.33457719638708,0.55148027716060333,Q4 Relationship weakened
Visit weighted,V4 Low engagement,true,C3 Regular-price repeat,304,480,2521,-0.13929861225511278,0.079230053038515061,-4.2094020344862964,4.5201010999636724,-0.29458951621060231,0.015992291700376748,-13.068800190415093,4.6499961214425012,Q4 Relationship weakened
Visit weighted,V4 Low engagement,true,C4 Promotion responsive,216,361,452,0.14510582010582007,0.13114356834015123,-0.18423622134038972,6.6054090152968046,-0.11193557384087632,0.40214721405251647,-13.130837891322127,12.762365448641347,Q2 More low-value visits
Visit weighted,V4 Low engagement,true,C5 Low-frequency/irregular,1501,8960,26816,-0.089942763079040117,0.025566966038980433,-3.706655886071744,0.91818737336969047,-0.14005401651544175,-0.039831509642638471,-5.506303137876337,-1.9070086342671506,Q4 Relationship weakened