category,n_pairs,visit28_diff,t_visit,spend28_diff,t_spend,quadrant,visit28_ci_low,visit28_ci_high,spend28_ci_low,spend28_ci_high
TOMATOES,436,-0.0066484766094498,-0.0787570933607031,6.156630816815613,1.3767088467969966,Q3 방문감소·지출증가,-0.1721067686624626,0.15880981544356298,-2.6084733147030166,14.921734948334244
GRAPES,523,-0.0480713323151505,-0.5710910872423505,-1.712733860871419,-0.4033913970086153,Q4 약화,-0.21305344014782185,0.11691077551752084,-10.034573127156728,6.6091054054138905
BEANS - CANNED GLASS & MW,248,0.0897296111988519,0.5971608824497775,-18.242492145884658,-2.473306597430814,Q2 방문증가·지출감소,-0.20478070104441656,0.3842399234421203,-32.698962946179,-3.786021345590312
TROPICAL FRUIT,815,-0.0046011583054668,-0.0716904968093772,-1.2594208945655774,-0.4373475799950997,Q4 약화,-0.13039565939107411,0.1211933427801405,-6.903592867293058,4.384751078161903
MISC. DAIRY,54,0.2286501050389939,0.5630539501964121,-3.336922663755987,-0.1956877267102977,Q2 방문증가·지출감소,-0.5672846463646626,1.0245848564426503,-36.75939902909443,30.08555370158246
VITAMINS,48,-0.0455439814814814,-0.1294040769266234,-14.155237095658975,-0.6574053187430239,Q4 약화,-0.7353692622902196,0.6442812993272568,-56.357914677488324,28.047440486170373
ICE CREAM/MILK/SHERBTS,514,-0.0509405358520335,-0.5456409379449523,-0.5194698386176222,-0.128728609752881,Q4 약화,-0.23392433220357944,0.13204326049951243,-8.428829581141779,7.389889903906534
POPCORN,123,0.0775106155229106,0.3790125078352769,-0.8576120233364093,-0.1007356821563738,Q2 방문증가·지출감소,-0.32332261104419585,0.47834384209001707,-17.54404854470766,15.828824498034843
COLD CEREAL,601,0.1569876040608054,1.6595564812072143,0.0338035982650084,0.0076760292779715,Q1 강화,-0.028420791160158054,0.34239599928176884,-8.597619003203405,8.665226199733421
PICKLE/RELISH/PKLD VEG,164,0.0633872013628803,0.3141676647590968,-5.064017694207577,-0.5886937847988709,Q2 방문증가·지출감소,-0.3320669736124838,0.45884137633824434,-21.924183262352518,11.796147873937361
TURKEY,33,-0.2290686541882715,-0.4241449303098563,19.69585315734239,0.838630133015125,Q3 방문감소·지출증가,-1.287609096675741,0.8294717882991979,-26.33620635094009,65.72791266562487
SALADS/DIPS,73,0.0593047470609404,0.2493006943346963,1.6738008476473494,0.1536294877878959,Q1 강화,-0.4069486845616362,0.525558178683517,-19.68049583475869,23.02809753005339
BROCCOLI/CAULIFLOWER,80,0.0230947862577952,0.1113422736956375,3.982585738371735,0.381120898274779,Q1 강화,-0.38345143884459515,0.42964101136018557,-16.498757799973824,24.463929276717295
STATIONERY & SCHOOL SUPPLIES,66,-0.0661424242559455,-0.2082844368709349,6.386901625667009,0.3851666375583547,Q3 방문감소·지출증가,-0.6885564341033789,0.5562715855914878,-26.114166653931193,38.88796990526521
FROZEN MEAT,103,-0.2619249639249639,-0.962813480383894,-11.708699206349204,-0.7460419554001633,Q4 약화,-0.7951257756629099,0.2712758478129821,-42.46977139314731,19.052372980448908
HAND/BODY/FACIAL PRODUCTS,22,-0.511825017088175,-1.3079230483221254,-56.25653696741854,-2.012669696571581,Q4 약화,-1.2788250594681552,0.25517502529180514,-111.04089261403261,-1.4721813208044665
MEAT - MISC,175,-0.3831041582134018,-1.8980025621993029,-11.108191398424172,-1.341733085900553,Q4 약화,-0.7787222490700251,0.012513932643221426,-27.335006828184756,5.118624031336413
VEGETABLES - SHELF STABLE,744,0.0867115066970861,1.2501386633683178,2.2745517744240216,0.7220802215728104,Q1 강화,-0.049237054935565766,0.22266006832973798,-3.899445718763861,8.448549267611904
CHEESE,1102,-0.0482688029868801,-0.8706088782591692,-2.810140949025234,-1.1325631979760262,Q4 약화,-0.1569362611495589,0.0603986551757987,-7.673336459820957,2.053054561770489
COFFEE,192,0.075944429249018,0.506062709515705,9.55805734332045,1.245703242900452,Q1 강화,-0.2181912154629263,0.3700800739609623,-5.480670780473281,24.59678546711418
PORK,540,0.0246825169160656,0.2964026217280586,-2.7259110724706694,-0.6131714761990829,Q2 방문증가·지출감소,-0.13853376259401862,0.18789879642614982,-11.439274151851471,5.987452006910132
SALD DRSNG/SNDWCH SPRD,556,0.0941906669537554,1.016219109357034,2.2998181466375835,0.5138713076347856,Q1 강화,-0.08747655966055852,0.27585789356806933,-6.472112685922733,11.071748979197901
STONE FRUIT,233,-0.0227686475007667,-0.2045685277379359,-3.0291719140976845,-0.4904646112001886,Q4 약화,-0.24091827977788763,0.1953809847763542,-15.134381578670482,9.076037750475113
FRUIT - SHELF STABLE,398,0.128891425960497,1.1552075350577806,-2.2073006821261933,-0.3822200501854179,Q2 방문증가·지출감소,-0.08979412379220464,0.3475769757131986,-13.52619757115285,9.111596206900462
BREAKFAST SWEETS,210,-0.1663706529699532,-1.088160322804009,-6.974774983181483,-1.0240729440905358,Q4 약화,-0.4660383333544368,0.13329702741453034,-20.323979301020707,6.374429334657741
FRZN VEGETABLE/VEG DSH,180,0.1131817449087925,0.7460242155899471,13.314794051234298,1.6532428495252385,Q1 강화,-0.18417618984109735,0.4105396796586824,-2.470543443443809,29.100131545912404
SPICES & EXTRACTS,410,-0.0492663317267845,-0.3874548039258871,2.417557544200475,0.4159558104406804,Q3 방문감소·지출증가,-0.29848768401376796,0.19995502056019898,-8.97406788257951,13.80918297098046
PWDR/CRYSTL DRNK MX,91,0.1865408502058318,0.6505167932915098,11.122225513645262,0.8380286252562972,Q1 강화,-0.37550469600282477,0.7485863964144883,-14.890683055053902,37.13513408234442
LAUNDRY DETERGENTS,133,0.3542423861907563,1.4491215901743282,2.7967427076035927,0.2102347155946571,Q1 강화,-0.12488585373171757,0.8333706261132302,-23.2770467300641,28.870532145271284
BUTTER,196,-0.0383339846502789,-0.2783585692689029,4.159899597350685,0.531458325971054,Q3 방문감소·지출증가,-0.3082542177937547,0.23158624849319695,-11.181666829160466,19.501466023861838
CHICKEN/POULTRY,53,-0.2735580617848717,-0.7823457869966087,3.520310441563225,0.2734586282099858,Q3 방문감소·지출증가,-0.9588992625813844,0.41178313901164093,-21.71132518328031,28.75194606640676
OLIVES,67,0.0342650922874803,0.1462853431902507,-4.511787539574852,-0.3190792644651253,Q2 방문증가·지출감소,-0.4248347697958818,0.49336495437084243,-32.22622894143299,23.202653862283285
FROZEN BREAD/DOUGH,49,0.4031914893617021,0.997813653566936,17.559758865248234,0.8304460016296522,Q1 강화,-0.3887953874704294,1.1951783661938338,-23.884389590337072,59.00390732083354
CHIPS&SNACKS,22,-0.6925947789584154,-1.4280864884401954,-9.654594680571968,-0.3864341766521282,Q4 약화,-1.6431574918940908,0.25796793397726003,-58.62284520608315,39.31365584493921
COCOA MIXES,47,0.5330227743271222,1.8627214375477588,11.834764665286404,1.0230443298885732,Q1 강화,-0.027836523591584172,1.0938820722458287,-10.838875240902023,34.50840457147483
MOLASSES/SYRUP/PANCAKE MIXS,50,-0.1709301469505551,-0.4803393343675793,17.45241858085227,1.0977869964882352,Q3 방문감소·지출증가,-0.8684018384250489,0.5265415445239388,-13.707305963067519,48.61214312477206
LAUNDRY ADDITIVES,45,0.626984126984127,1.6655244698477225,7.476004056437389,0.3588662761922838,Q1 강화,-0.11085486075602025,1.3648231147242742,-33.355271888717425,48.307280001592204
FROZEN PIE/DESSERTS,127,0.3299646833610418,1.447691210814046,15.653734225359404,1.690183617702314,Q1 강화,-0.11676786191978578,0.7766972286418694,-2.498920172873099,33.80638862359191
CITRUS,100,0.0845559571269205,0.3825161190598185,9.171161437920231,0.8449683556579608,Q1 강화,-0.34870598324858326,0.5178178975024242,-12.102388391441712,30.444711267282173
CANNED JUICES,502,0.056379568392724,0.5563922644081128,-8.142075018516085,-1.8877903265670244,Q2 방문증가·지출감소,-0.14222843016975162,0.25498756695519964,-16.59559171033654,0.311441673304369
CONVENIENT BRKFST/WHLSM SNACKS,407,-0.0064324176332449,-0.0626988377171389,-6.269488249836026,-1.268104430001887,Q4 약화,-0.20751331514585858,0.19464847987936879,-15.95969725703926,3.420720757367209
DRY NOODLES/PASTA,334,-0.1361324853394339,-1.065622700535941,-9.358029506453596,-1.4988518966237725,Q4 약화,-0.3865209869461442,0.11425601626727638,-21.595221102210715,2.8791620893035237
MELONS,155,-0.1569019106720952,-1.0345433078790842,-5.53813804730609,-0.6701618659888998,Q4 약화,-0.45416133188256996,0.14035751053837958,-21.735345205165665,10.659069110553483
MUSHROOMS,21,0.452256476857141,0.6974113204282921,38.870356115125375,1.173499637884364,Q1 강화,-0.8187620292600656,1.7232749829743477,-26.05160510762964,103.79231733788039
CORN,75,0.0898745727956254,0.4190887341518515,4.9003584095339345,0.3616111893773303,Q1 강화,-0.33045207481976613,0.5102012204110169,-21.660496909199843,31.461213728267715
CAT FOOD,75,0.0095712648681821,0.0339264849398223,-2.162697449945054,-0.1737932442710773,Q2 방문증가·지출감소,-0.5433795985918028,0.562522128328167,-26.553098927695373,22.227704027805267
ROLLS,48,0.2110499170858164,0.6758501209812281,-4.532625310662423,-0.3984874404145723,Q2 방문증가·지출감소,-0.4010056624672863,0.8231054966389192,-26.82679247351153,17.76154185218669
PIES,31,0.6049027137736815,1.267293968687352,34.734157706093185,2.209381194696735,Q1 강화,-0.33064132596041107,1.5404467535077742,3.9205754834530957,65.54773992873328
AIR CARE,33,-0.5132623268986904,-1.0020290831508702,-41.585928885928894,-1.3698400864300733,Q4 약화,-1.5172193752890373,0.4906947214916564,-101.08807181769177,17.916214045833982
PEPPERS-ALL,29,-0.3849100698948483,-0.6179173377017972,17.37825336785763,0.6379310791276372,Q3 방문감소·지출증가,-1.605823760065462,0.8360036202757655,-36.015252161892484,70.77175889760775
BAG SNACKS,861,-0.0569714132817602,-0.7786374490463431,-4.254091338682968,-1.369537448684368,Q4 약화,-0.20038086548446815,0.08643803892094776,-10.342292162857909,1.8341094854919744
FRZN MEAT/MEAT DINNERS,543,0.0063058234757261,0.0656993784000861,0.8494034485001464,0.2055890938961641,Q1 강화,-0.18181489110940546,0.1944265380608577,-7.248451975198229,8.947258872198521
BAKED BREAD/BUNS/ROLLS,1386,0.0418177838082427,0.8400402706238954,3.565188991416242,1.6672439949757336,Q1 강화,-0.055752367445675306,0.1393879350621607,-0.6260214398305295,7.756399422663014
MILK BY-PRODUCTS,415,0.091874551921077,0.862358501608563,-4.90134706399645,-0.9812731622921512,Q2 방문증가·지출감소,-0.11694129604634894,0.30069039988850293,-14.691322592312071,4.88862846431917
CONDIMENTS/SAUCES,586,0.0468949298175502,0.5218604934091162,2.9171275835286834,0.6581940175953801,Q1 강화,-0.12923272039402028,0.22302258002912068,-5.769627249954249,11.603882417011617
ORGANICS FRUIT & VEGETABLES,79,0.0762748877880425,0.2851055879387964,14.639001693842571,1.071405023508466,Q1 강화,-0.4480879671997601,0.600637742775845,-12.141200648287588,41.41920403597273
SUGARS/SWEETNERS,39,-0.6843208448471606,-1.959505403126424,-6.1214383363487395,-0.2809937312257674,Q4 약화,-1.3688144184603885,0.00017272876606733156,-48.81996789750679,36.577091224809315
BREAD,175,-0.0071231823846494,-0.0442082702449949,8.425385860280688,1.0158071385038168,Q3 방문감소·지출증가,-0.32293371730358766,0.3086873525342889,-7.83139720434049,24.682168924901866
BATH TISSUES,307,-0.1616216381895861,-1.0661974132944625,-9.49105480244278,-1.3962055677416718,Q4 약화,-0.4587321046957554,0.13548882831658324,-22.814642562429217,3.8325329575436555
REFRIGERATED,62,-0.0942047703837214,-0.2905634257481938,-0.0801057832464441,-0.0054293740227034,Q4 약화,-0.7296644793152461,0.5412549385478033,-28.9982341911422,28.83802262464931
SOAP - LIQUID & BAR,126,0.286331814181242,1.2697001948128417,-1.2626981965220092,-0.1285472852344641,Q2 방문증가·지출감소,-0.15567044594911789,0.7283340743116018,-20.515446013553383,17.990049620509364
PAPER TOWELS,157,-0.0445094458632871,-0.2029294501325196,-17.03241907998705,-1.801475555605073,Q4 약화,-0.4744052241008623,0.3853863323742881,-35.563639941078264,1.4988017811041665
SEAFOOD-FRESH,92,-0.3486354311705189,-1.3030056418960791,-6.849331239301627,-0.5920779366179252,Q4 약화,-0.8730579072696019,0.17578704492856412,-29.52318614718058,15.824523668577328
CEREAL/BREAKFAST,28,-0.5812776729443396,-1.041629591253108,-18.467559918476596,-0.9102389360385216,Q4 약화,-1.6750486722880629,0.5124933263993836,-58.233401619058704,21.298281782105512
VALUE ADDED VEGETABLES,25,0.1473236714975845,0.2826452110550455,-8.106137163561069,-0.2945727228464188,Q2 방문증가·지출감소,-0.8742906521890472,1.1689379951842163,-62.04198257061604,45.82970824349391
SNACK NUTS,51,-0.3166909071320836,-0.93384018092573,-10.857309568699282,-0.6207641064757762,Q4 약화,-0.9813808515758539,0.3479990373116867,-45.13816848540439,23.42354934800583
FLUID MILK PRODUCTS,1632,0.0685389920155058,2.0478065665941605,1.4715288223772245,1.079185125491541,Q1 강화,0.0029388388849223013,0.1341391451460893,-1.2010399739594402,4.144097618713889
CHICKEN,561,0.1211780176999317,1.4001687329312396,4.480495612191296,1.2477484115114983,Q1 강화,-0.04845076282185837,0.29080679822172173,-2.557599022012142,11.518590246394734
LUNCHMEAT,723,-0.0604544287961911,-0.8357803156826051,-1.6068899666327785,-0.5085869450207852,Q4 약화,-0.20222694750376544,0.08131808991138326,-7.799546631210612,4.585766697945056
SOFT DRINKS,1467,-0.0639213136359102,-1.4110268550836589,-1.212152330223431,-0.6683374496721445,Q4 약화,-0.15271180991527117,0.02486918264345074,-4.766971184685936,2.342666524239074
EGGS,843,0.174997395924375,2.477438459591813,1.6016641798881706,0.5197259998421512,Q1 강화,0.03655000293916741,0.3134447889095826,-4.438560464509563,7.641888824285904
CANDY - CHECKLANE,944,-0.0133578759668244,-0.2189542236592341,-1.5899353221281385,-0.5986766619100156,Q4 약화,-0.13293281020386785,0.10621705827021906,-6.795204592904463,3.615333948648187
WATER - CARBONATED/FLVRD DRINK,291,0.0369227579189662,0.2328536217223198,0.1778661757687473,0.0243489803659896,Q1 강화,-0.27386736415813,0.34771287999606243,-14.139682208872866,14.49541456041036
POTATOES,276,-0.0352498762806558,-0.2706385788903093,-0.5364441086974078,-0.0772612941622033,Q4 약화,-0.2905340925715183,0.22003434001020672,-14.145204671774868,13.072316454380053
BEEF,984,0.0196648172830937,0.3493168790935061,0.3204769757080561,0.1305708420124089,Q1 강화,-0.09067351499241692,0.13000314955860431,-4.490205583328323,5.131159534744435
SOUP,658,-0.2216397122079854,-2.5578239276917096,-6.674432164955494,-1.642576852209908,Q4 약화,-0.3914769833448166,-0.0518024410711542,-14.638678724081489,1.2898143941705005
HOUSEHOLD CLEANG NEEDS,59,-0.4441671558196981,-1.3510041435545743,20.838047793308384,1.1849178588161786,Q3 방문감소·지출증가,-1.088552763043738,0.2002184514043418,-13.630648387614414,55.30674397423118
ONIONS,147,0.2871915524453649,1.5356324066851683,-0.9998641664706168,-0.1185991938692409,Q2 방문증가·지출감소,-0.07936455847182194,0.6537476633625516,-17.523869957294735,15.524141624353502
BERRIES,363,0.0112667530036008,0.1031521001904847,-0.8705293233743308,-0.1650869128202947,Q2 방문증가·지출감소,-0.20281357930450092,0.22534708531170253,-11.205918390047428,9.464859743298765
DRY BN/VEG/POTATO/RICE,220,0.0010787795306905,0.0067307732615674,-13.482489443484624,-1.8502553583013437,Q2 방문증가·지출감소,-0.31306163167980333,0.3152191907411844,-27.76466903057166,0.7996901436024135
FRZN NOVELTIES/WTR ICE,308,0.343021675367384,2.269116608451744,-4.021199441236466,-0.598304405967637,Q2 방문증가·지출감소,0.046729064747073334,0.6393142859876946,-17.194344793687367,9.151945911214433
HEAT/SERVE,69,-0.1463058851489636,-0.5230187154046634,-11.507930728478968,-0.7642857465182586,Q4 약화,-0.6945836550373713,0.4019718847394441,-41.01985651091266,18.00399505395472
FRZN JCE CONC/DRNKS,20,-0.076845238095238,-0.1313265351578212,1.6966934523809385,0.068112110828704,Q3 방문감소·지출증가,-1.2237320152851139,1.0700415390946378,-47.12750427407081,50.52089117883269
DRY SAUCES/GRAVY,188,0.1349801681205855,0.7521272229464828,-0.3353208476954172,-0.0384531928251869,Q2 방문증가·지출감소,-0.21677033557734043,0.48673067181851143,-17.426979906303725,16.75633821091289
ISOTONIC DRINKS,83,0.4778245245837839,1.4037949448383191,12.668706999105142,0.9964968067321416,Q1 강화,-0.1893213941473033,1.144970443314871,-12.249251142350863,37.586665140561145
HAIR CARE PRODUCTS,92,-0.018740527155579,-0.0690850564682152,5.233595484622639,0.4698986793565003,Q3 방문감소·지출증가,-0.550424730697257,0.5129436763860988,-16.596317218915736,27.063508188161016
CHRISTMAS  SEASONAL,26,0.6926282051282052,1.2354712914525046,17.702195512820545,0.6952504267841781,Q1 강화,-0.4061842816073239,1.7914406918637344,-32.20256091518062,67.60695194082172
CRACKERS/MISC BKD FD,760,-0.185263633994232,-2.478762993558876,-11.845985169914837,-3.2462035254625596,Q4 약화,-0.33175473603676775,-0.03877253195169625,-18.998380499078515,-4.693589840751157
BAKED SWEET GOODS,341,-0.1064783759607804,-0.9156945010288474,-0.7161540957677276,-0.1169222436039148,Q4 약화,-0.3343902140777977,0.12143346215623689,-12.721243841220991,11.288935649685536
FITNESS&DIET,34,0.0381810949992767,0.1869786680632347,-13.92270979537538,-0.9354968014051436,Q2 방문증가·지출감소,-0.36205143940552365,0.438413629404077,-43.09278408953395,15.247364498783192
BAKING MIXES,386,0.1948925536633471,1.5935767259456182,7.720605472139903,1.416146580614701,Q1 강화,-0.04481313415252525,0.43459824147921944,-2.965002170838522,18.406213115118327
WAREHOUSE SNACKS,63,-0.1186384382812954,-0.3156601586883474,-10.56296063482373,-0.8798172377952634,Q4 약화,-0.8552893352382286,0.6180124586756378,-34.09444189579018,12.968520626142725
CANDY - PACKAGED,730,-0.0883906722944833,-1.0935388650224924,-0.7687892132345145,-0.2200111522389246,Q4 약화,-0.24681733936463254,0.07003599477566594,-7.617655021197222,6.080076594728193
COOKIES/CONES,541,0.1036055291141164,1.1282603203639627,4.695611367640916,1.1030502815060057,Q1 강화,-0.07637672622050472,0.2835877844487375,-3.6479777097406725,13.039200445022505
FD WRAPS/BAGS/TRSH BG,245,0.1243788825263617,0.9549373351986816,-4.615373156933264,-0.6985946409681939,Q2 방문증가·지출감소,-0.13090761719034294,0.37966538224306634,-17.56441521521761,8.333668901351086
MAKEUP AND TREATMENT,179,-0.1747644012262295,-0.9777534536016798,-16.883060303375366,-1.9883226908231504,Q4 약화,-0.5250963025267328,0.17556750007427374,-33.525629614353946,-0.24049099239678284
ORAL HYGIENE PRODUCTS,162,0.2004854473541678,1.0785838950871214,10.972284612016091,1.0350668154175744,Q1 강화,-0.16383621422824313,0.5648071089365787,-9.804806798141383,31.749376022173564
BREAKFAST SAUSAGE/SANDWICHES,369,-0.0203176066680206,-0.1817789533105701,-5.891631670700835,-1.106009196643103,Q4 약화,-0.2393886726196627,0.1987534592836215,-16.33241110510541,4.549147763703741
DINNER SAUSAGE,295,-0.0699175475977322,-0.5041082569929389,-5.225988335910114,-0.8028886758634601,Q4 약화,-0.34176073086357306,0.20192563566810864,-17.983594024355202,7.531617352534973
PASTA SAUCE,241,-0.0981340240955625,-0.580218808353324,-9.911874195782852,-1.198766907692154,Q4 약화,-0.42963428651066077,0.2333662383195358,-26.11792167596851,6.294173284402808
ANALGESICS,105,0.0283950811863432,0.1263693930603518,-5.090276208688824,-0.5047657077369168,Q2 방문증가·지출감소,-0.4120150353570917,0.46880519772977813,-24.855765852906224,14.675213435528576
ANTACIDS,25,-0.5688960863697704,-1.421616256062949,-39.18016764732342,-2.0088143855296625,Q4 약화,-1.3532401908559928,0.21544801811645187,-77.40825339876329,-0.9520818958835591
YOGURT,251,-0.0822388335850554,-0.6811034485565758,-6.156098416708385,-0.9247491787238366,Q4 약화,-0.3188961492517217,0.15441848208161094,-19.203909838827812,6.891713005411043
VEGETABLES - ALL OTHERS,313,-0.2031275297871373,-1.8751105801338512,-4.891079545301772,-0.9790642675634648,Q4 약화,-0.415450985588005,0.009195926013730371,-14.682587852155649,4.900428761552106
PAPER HOUSEWARES,64,0.5035679278689147,1.7188159149657862,13.535883317283508,0.8438561051932211,Q1 강화,-0.0706606035458176,1.0777964592836469,-17.903518659669565,44.975285294236585
PNT BTR/JELLY/JAMS,159,0.1925787845518065,0.8561771345945093,2.016717090422708,0.1807577008427594,Q1 강화,-0.24828140952509498,0.633438978628708,-19.851040016462637,23.884474197308055
COLD AND FLU,53,-0.2963931770535544,-0.6137317578881818,-30.195394790220252,-1.425173104105884,Q4 약화,-1.2429477907889064,0.6501614366817977,-71.72226167981226,11.331472099371755
WATER,35,-0.2490478715822247,-0.5693400325519302,12.034932525101013,0.8422108859605733,Q3 방문감소·지출증가,-1.1064157016875793,0.60831995852313,-15.972859991489944,40.042725041691966
APPLES,421,-0.1954605800666121,-2.225709915272075,-7.129252338084447,-1.5936925868760927,Q4 약화,-0.36758666635568205,-0.02333449377754218,-15.89715067538902,1.6386459992201257
CARROTS,218,0.0095342429742792,0.0763976371093708,-7.348850653014875,-1.2369662615327246,Q2 방문증가·지출감소,-0.2350690842573572,0.2541375702059156,-18.993264674510883,4.295563368481131
REFRGRATD JUICES/DRNKS,655,-0.0480040968983639,-0.5885823285167426,-5.976591926724477,-1.632530578640989,Q4 약화,-0.20785943974887022,0.11185124595214241,-13.152028840213394,1.1988449867644402
SALAD MIX,572,-0.0669123827839284,-0.7975126279945662,-5.232542408794197,-1.394626723478303,Q4 약화,-0.23135902055853835,0.09753425499068154,-12.586326004492076,2.1212411869036822
REFRGRATD DOUGH PRODUCTS,434,-0.0148222095507671,-0.1398161801961348,-0.8663355417285735,-0.1723350704655696,Q4 약화,-0.22260596303873892,0.19296154393720472,-10.719336774737888,8.98666569128074
COOKIES,96,-0.0400944742410185,-0.1680372967950044,-4.631456312766232,-0.3412895648134255,Q4 약화,-0.5077595165337753,0.4275705680517383,-31.229557482323944,21.96664485679148
MEAT - SHELF STABLE,146,-0.2775042614539855,-1.3870977420181705,-18.303273290153182,-1.799262602737968,Q4 약화,-0.6696239628806833,0.11461543997271223,-38.241672273219656,1.6351256929132916
SEAFOOD - FROZEN,233,-0.1767474644471011,-1.1662225926293874,1.0230798620233523,0.1348139956334992,Q3 방문감소·지출증가,-0.47379627185809603,0.12030134296389383,-13.851017742925169,15.897177466971872
CHEESES,128,0.2829997439455518,1.397381793126819,11.382434180148106,1.0109916244859571,Q1 강화,-0.11394223773872053,0.6799417256298241,-10.684584430845511,33.449452791141724
PEARS,75,-0.1491481116481117,-0.6448941526341474,-1.9244256444256416,-0.1564537417222692,Q4 약화,-0.6024477696404207,0.3041515463441973,-26.03298464437559,22.184133355524303
SHORTENING/OIL,88,-0.1404814670573545,-0.5291182369336714,8.508912656906537,0.5678301913537894,Q3 방문감소·지출증가,-0.6608635975771366,0.37990066346242757,-20.86160877974922,37.87943409356229
SEAFOOD - SHELF STABLE,148,-0.1003796880626703,-0.4351248287023749,-5.596918682682045,-0.538684615872461,Q4 약화,-0.5525354273468717,0.35177605122153105,-25.961266011015727,14.767428645651638
HOT CEREAL,115,0.0014108912225934,0.0082861039866558,1.6075556828296114,0.1741447850256909,Q1 강화,-0.3323221636288138,0.3351439460740006,-16.485487630992342,19.700598996651568
DEODORANTS,64,-0.0044022817460316,-0.0133340535798041,13.28673493303571,0.7439046362984346,Q3 방문감소·지출증가,-0.6515027430259167,0.6426981795338534,-21.720440984473477,48.2939108505449
HOT DOGS,414,0.166713229469387,1.5231847813195896,4.549468982229162,0.8998754856872075,Q1 강화,-0.04780961356802596,0.3812360725067999,-5.359634384843392,14.458572349301715
HISPANIC,254,0.1169907335483521,0.7627211101258551,-2.82105989819043,-0.4417933136386998,Q2 방문증가·지출감소,-0.18364580936434305,0.41762727646104725,-15.33658973931226,9.694469942931399
FROZEN PIZZA,524,-0.0807778339544908,-0.8194970243606844,-1.486492873274906,-0.3148283731714479,Q4 약화,-0.2739750632846595,0.11241939537567787,-10.740824057815825,7.767838311266012
NEWSPAPER,31,0.5541479353979353,1.2977054731526558,26.75209028471528,1.3625418821675186,Q1 강화,-0.2828138990476732,1.3911097698435437,-11.730467678662912,65.23464824809346
DINNER MXS:DRY,398,-0.0137549940872378,-0.1132463218588119,0.9971609610293748,0.1848521561552226,Q3 방문감소·지출증가,-0.25181825272973735,0.22430826455526176,-9.575804614640791,11.57012653669954
BACON,318,-0.1622774120479641,-1.2414083395145237,-11.14335249589804,-1.7992685182906647,Q4 약화,-0.4184894234304512,0.09393459933452303,-23.28215816605418,0.9954531742581008
SMOKED MEATS,48,-0.3334445147398839,-1.1939662195151728,-2.525630891560095,-0.1072469857374855,Q4 약화,-0.8808228561100078,0.21393382663023996,-48.68297986894543,43.631718085825234
DOG FOODS,91,-0.4154256262964662,-1.558090172475875,-12.876742945040744,-1.1544685083808215,Q4 약화,-0.9380104175523016,0.10715916495936928,-34.73824543650111,8.98475954641962
BAKING NEEDS,151,0.1520176970755718,0.8513744045204973,11.708288965690302,1.1058217090518172,Q1 강화,-0.19795134672711548,0.5019867408782591,-9.043922882664424,32.46050081404503
FRZN BREAKFAST FOODS,79,0.3311401678490286,1.009892418740718,12.234221348974517,0.5703633578941381,Q1 강화,-0.3115369301664292,0.9738172658644864,-29.807528900417687,54.275971598366716
PROCESSED,42,-0.051697040594556,-0.1581602682245989,33.35176257936622,1.988398934606182,Q3 방문감소·지출증가,-0.6923522487751549,0.5889581675860428,0.4763402896712563,66.22718486906119
MARGARINES,333,0.0254583782927964,0.2229252110116511,-7.313858614215221,-1.5569190566456264,Q2 방문증가·지출감소,-0.19837642813146675,0.24929318471705955,-16.52124985441679,1.8935326259863494
DRY MIX DESSERTS,160,-0.0008382446565166,-0.004611275923567,0.0833586403941447,0.0103809475834087,Q3 방문감소·지출증가,-0.3571299855987162,0.355453496285683,-15.655371746189216,15.822089026977507
TEAS,52,-0.4004220417263896,-1.0574758533492932,-22.42071681398312,-1.4782089814159982,Q4 약화,-1.1425923705315133,0.34174828707873406,-52.14899306441676,7.307559436450514
FRZN POTATOES,60,-0.5148812353224117,-1.5775415163622282,14.085532023314386,1.0641551640572695,Q3 방문감소·지출증가,-1.154590054877945,0.12482758423312157,-11.857717324306538,40.028781370935306
