category,n_pairs,qty_pct,net_now,t_net,net_pct,d_disc,elasticity,net_later,t_cann,p,significant_bh,net_total,verdict
CHEESE,1266,27.850825612017683,0.2834137844442278,5.924856805665645,7.518851289034828,13.753272759139218,2.0250325940427865,-0.06562913233730663,-0.5761501948556549,3.125696353743582e-09,True,0.2834137844442278,확대
SALD DRSNG/SNDWCH SPRD,261,27.395316017073572,-0.0803220762798639,-1.0705158984914094,-2.939742063625272,18.733869979062437,1.4623415262138277,-0.03090841801347011,-0.20038826132865875,0.2843871566411852,False,-0.0803220762798639,불확실
VEGETABLES - SHELF STABLE,279,37.89649309517296,0.3772095683485274,3.9775214540826336,15.73900952735314,18.89315006926595,2.0058324290145935,-0.20833860126124423,-1.2304188743069,6.963734149198276e-05,True,0.3772095683485274,확대
BREAKFAST SWEETS,216,2.731585443734505,-0.12928440684216452,-1.5349482488431758,-5.901907185468196,24.98977697331193,0.10930811614092145,0.0385275126062033,0.23616347462595788,0.12479654049872049,False,-0.12928440684216452,불확실
FRZN VEGETABLE/VEG DSH,419,28.414458559131116,0.057366451224389284,0.7022200255744531,1.775409463208524,13.980801918688826,2.0323911835949917,0.1431893576324172,0.921731450143629,0.4825419588536648,False,0.057366451224389284,불확실
PORK,618,14.792160478910224,0.0014735755669290323,0.00997221898379509,0.01981104596599235,18.355583282415452,0.8058670896653571,0.10861542245066423,0.4696625847888481,0.9920434523094516,False,0.0014735755669290323,불확실
FRUIT - SHELF STABLE,149,20.92475985924142,0.22909843833885696,1.4209049357280263,6.8998604649465305,11.186336829149088,1.8705640799869518,-0.45473746852238534,-1.204069164000984,0.15534439792184906,False,0.22909843833885696,불확실
STONE FRUIT,236,21.204346098548275,0.16505850961125762,1.5622222082592063,5.547103403397125,14.319683123183982,1.4807831930455098,0.47171857504977127,1.6496511101328843,0.11823565057317904,False,0.16505850961125762,불확실
LAUNDRY DETERGENTS,151,3.4173646928189845,-0.37998088124180934,-1.6228838191563864,-5.202166910663906,16.26755487196137,0.21007242451102026,-0.12858274545656337,-0.37961145878291225,0.1046142431574037,False,-0.37998088124180934,불확실
COFFEE,109,9.239600438520892,0.5101662909763526,2.652557394164784,9.632965379828324,19.112710800949596,0.4834269996939331,-0.9698557221464827,-2.124620852161376,0.007988454540858945,True,-0.45968943117013017,축소
CHICKEN/POULTRY,213,8.417724986223373,-0.05744101064906566,-0.25795334412259213,-1.000629387967423,9.999173892445686,0.841842043829532,0.5191463071646346,1.2216201926028614,0.7964429148803039,False,-0.05744101064906566,불확실
MEAT - MISC,151,20.53771299708354,0.8208115186514029,3.128620773110365,10.611092726897011,12.724186467152327,1.6140688483387087,-0.7432034219894943,-1.5433723815839409,0.0017562881768154797,True,0.8208115186514029,확대
MILK BY-PRODUCTS,637,16.13487580607935,-0.1519785746588982,-4.765669513618732,-7.250659253203418,13.246541755173421,1.2180443850394307,0.06529722493814408,0.8520176824644173,1.8822756942209442e-06,True,-0.1519785746588982,축소
FRZN MEAT/MEAT DINNERS,645,27.732175329998736,0.6098406291380016,4.3842734585115775,8.91841746005541,14.274215958920838,1.9428160124386509,0.12982447947503253,0.43501808378380574,1.1637351472035355e-05,True,0.6098406291380016,확대
BAG SNACKS,655,4.909210227666029,0.33729499417764736,5.523903620161251,10.056240991829437,12.531789408915683,0.39174056213978464,-0.2710935959634527,-1.679158556031259,3.315493836211748e-08,True,0.33729499417764736,확대
BAKED BREAD/BUNS/ROLLS,927,22.69496511590155,-0.06914789094762365,-1.9805084465693785,-2.9874832771582938,9.908723924682914,2.290402405840347,-0.011535817396999163,-0.1169945042615442,0.04764642518252315,False,-0.06914789094762365,불확실
BATH TISSUES,144,-1.8939141171800893,0.1332922490683157,0.8056759799737025,2.6894944803052856,15.054170641410652,-0.12580660617532496,-0.21820616924107672,-0.6066755290422566,0.42042970290822124,False,0.1332922490683157,불확실
SEAFOOD-FRESH,105,10.313363043358766,0.49154408847213155,1.337476266949115,7.336601824948065,16.03942847414483,0.6430006567867214,-0.48496960729245975,-0.884456840482475,0.18106722412128484,False,0.49154408847213155,불확실
DIAPERS & DISPOSABLES,111,8.123912919384258,-0.4550613763381874,-1.1580592495987312,-3.421545351748824,8.461383910426232,0.960116336214678,1.4834528690813484,1.3040265976742549,0.24683985821543308,False,-0.4550613763381874,불확실
BREAKFAST SAUSAGE/SANDWICHES,302,22.75674627510544,-0.23983786063171225,-2.459033551150126,-5.571604222375207,18.73350033404989,1.2147621036813352,-0.0392287444821858,-0.1742580026749711,0.013931159784320161,True,-0.23983786063171225,축소
CRACKERS/MISC BKD FD,416,16.629518564246673,0.1984716533612547,3.125308103026127,7.232358213653438,15.9549349593229,1.0422805612585462,-0.20244809950618248,-1.4437505444586898,0.0017761891608137556,True,0.1984716533612547,확대
YOGURT,488,21.244941840394088,-0.09574465197482263,-1.7968309913850806,-2.9482420736039887,9.502565644701482,2.235705875101217,0.15053939740784286,0.8980981188347998,0.07236245472478428,False,-0.09574465197482263,불확실
COOKIES/CONES,213,23.757078866663893,0.5667451466219148,4.522593278848404,17.6941240886345,15.917102442201617,1.4925504785139692,0.2144804339990568,0.9330062118883216,6.108655162671691e-06,True,0.5667451466219148,확대
VEGETABLES - ALL OTHERS,282,13.262540931978478,-0.21517311223977043,-3.722203127549715,-11.50533876112899,29.27739153693186,0.4529959889100262,-0.07479987599714256,-0.6393045792449892,0.000197492043140426,True,-0.21517311223977043,축소
PASTA SAUCE,121,7.359022566150543,-0.15696366441977935,-1.8173278443113534,-5.4782889338780425,6.820891702017169,1.0788945034817412,-0.04803293778984882,-0.19285355211988356,0.06916692889999444,False,-0.15696366441977935,불확실
DINNER SAUSAGE,317,24.5388962293653,0.06951272741807175,0.6904234517388316,1.630292554572457,11.722746232599205,2.093271981024915,0.05002703058742336,0.22573507820749092,0.4899279329919719,False,0.06951272741807175,불확실
BAKED SWEET GOODS,235,23.50971834985399,0.3830418083497781,4.210678281065679,12.847345577818706,16.22702021802797,1.4488007061046893,-0.09307866286139285,-0.3488097233368286,2.5460510862876697e-05,True,0.3830418083497781,확대
CANDY - PACKAGED,318,38.678111355468225,1.2358966817844312,5.04928279652762,35.14262447536169,12.056690322762268,3.2080206358494916,-0.4130731539015292,-1.2133794574187604,4.434718372142167e-07,True,1.2358966817844312,확대
FLUID MILK PRODUCTS,1704,54.041970745030824,-0.10723304161088733,-3.9227378491852924,-3.835156552008344,30.295059131535552,1.7838542750615065,-0.02634694215937189,-0.42964639585290826,8.754839452082733e-05,True,-0.10723304161088733,축소
CHICKEN,701,25.817583916686278,-0.15510086774861565,-1.491133630996786,-2.541613421189414,24.10714564242378,1.0709515054014718,-0.3555089752124734,-1.884542330051062,0.1359264142205171,False,-0.15510086774861565,불확실
SOFT DRINKS,1257,40.61367040949106,1.275444187143318,13.850137803766875,31.380836080649587,18.725063924936098,2.168946956459037,-0.20561424102800255,-1.157543841596772,1.2696827647408407e-43,True,1.275444187143318,확대
BEEF,1323,30.23694315762905,1.6683803065514855,14.933551600160836,22.347818502023586,18.29994751992365,1.6522967142233207,-0.38418868308094595,-1.836672815935803,1.9935884146575105e-50,True,1.6683803065514855,확대
POTATOES,339,17.12458232900685,-0.46977106147897474,-8.639940900178965,-14.854362913677917,27.664614800489584,0.6190067149860982,0.3262850513265829,2.009540953733089,5.624210719980764e-18,True,-0.46977106147897474,축소
HEAT/SERVE,109,16.65709432370887,-0.23513918459281755,-1.1375906474587705,-4.375421128410982,16.857990418057376,0.988083034254586,0.37718050345481285,0.9775966580771698,0.2552914537356673,False,-0.23513918459281755,불확실
DRY BN/VEG/POTATO/RICE,104,40.458586632163225,0.5256598211180227,3.1418107772398765,18.88699308744586,14.942178176379212,2.707676628841214,-0.8771191110523907,-3.34246205904813,0.0016790651079439877,True,-0.35145928993436804,축소
EGGS,565,17.36765658955125,-0.09513652238065505,-4.8936616614218424,-6.827757570238072,19.715468082305264,0.8809152548165372,-0.005181152185830352,-0.07307241691204448,9.897693907787254e-07,True,-0.09513652238065505,축소
BERRIES,347,15.36852637540177,-0.24235371338600495,-4.043787361884336,-6.603796208544001,17.397038657357903,0.8833989897988647,0.12215892166423341,0.5443251427174001,5.2594623070850405e-05,True,-0.24235371338600495,축소
CANDY - CHECKLANE,338,41.12798592105935,-0.029321910226585483,-0.7932074326839984,-2.418772615337531,22.890902423013227,1.7966956986244274,-0.01544085270981531,-0.1533794517164457,0.4276569777770257,False,-0.029321910226585483,불확실
LUNCHMEAT,647,35.61391259220754,0.4031141019236144,5.300924711065588,10.354128865099849,21.230897482491315,1.6774567642078062,0.13357549409446196,0.7965448617549412,1.1521759944387066e-07,True,0.4031141019236144,확대
SOUP,181,54.449069266901994,0.9090659932235533,5.077871837237938,25.14457663086941,20.484172135978717,2.658104457698186,-0.4381994443604569,-1.22310425915538,3.816860113940868e-07,True,0.9090659932235533,확대
ONIONS,160,3.5044242329571818,-0.4380629670792642,-9.3700440891772,-24.751178137994017,28.543435824359047,0.122775136620606,-0.09472869571679723,-0.7201984161394853,7.25022358756294e-21,True,-0.4380629670792642,축소
FRZN NOVELTIES/WTR ICE,145,22.563874426478506,0.19664834902638667,1.1590906282559703,4.720465114570346,12.072014551332765,1.8691059665751832,0.42173884674324313,0.8800176163433782,0.24641924553705197,False,0.19664834902638667,불확실
PEPPERS-ALL,123,29.502262932816226,-0.10610741921414876,-1.4790467690099942,-5.615251122355297,18.114876113821985,1.6286207395205676,-0.36151278530901954,-2.0706994326099273,0.13912781549021602,False,-0.4676202045231683,불확실
CITRUS,159,32.49659166638849,0.10359349369004003,0.8419224013939015,3.585565704512059,21.015162023497513,1.546340286601328,2.1670806139748344,5.761092556069633,0.39983139032907644,False,0.10359349369004003,불확실
CONVENIENT BRKFST/WHLSM SNACKS,326,25.396571881631765,0.171318078167191,1.8057318678947127,4.35892999826909,14.978654677685462,1.6955175500151196,-0.07718056810480214,-0.3124784020048655,0.07096023230780843,False,0.171318078167191,불확실
MUSHROOMS,119,11.47653939516384,-0.573616883184156,-8.081427850684042,-23.5961149248106,24.842638359780647,0.461969426473798,0.23367964024221854,1.0338983208825734,6.401279597235702e-16,True,-0.573616883184156,축소
MELONS,143,12.86088123546362,-0.7144172024654093,-7.13602730180044,-22.68267199086022,23.43053362748242,0.5488940815406219,-0.3749115235622054,-1.64207455665524,9.606693717768286e-13,True,-0.7144172024654093,축소
CANNED JUICES,241,16.155665205106946,0.29741209859082707,2.5854745571583537,7.899573781239414,12.619473931708331,1.2802170116230758,-0.8240973957867432,-2.4925711889676485,0.009724504963362036,True,-0.5266852971959162,축소
SALAD MIX,639,14.402496552390318,-0.3117664754462931,-8.715701953686466,-10.587301444970642,23.025596853404878,0.6254993798460676,0.10319455314287579,0.8094856193695011,2.889625987597692e-18,True,-0.3117664754462931,축소
REFRGRATD JUICES/DRNKS,738,23.706151044943745,-0.09982025374331085,-2.558000278773729,-3.530980782358667,19.067463122826624,1.2432776658455373,-0.21887117540973966,-1.84964137883301,0.010527600786570905,True,-0.09982025374331085,축소
SEAFOOD - FROZEN,174,23.696148724307207,1.0463044525499214,2.9258596974237703,14.260004289909183,16.259535765378992,1.457369328758008,-0.06923056982924855,-0.13330548033939185,0.0034350581679429013,True,1.0463044525499214,확대
REFRGRATD DOUGH PRODUCTS,437,25.241106921805418,0.17435211065290904,2.6871839679017535,5.701577888371549,18.051283205016492,1.3982998679446155,-0.41434676366316536,-3.255448222694771,0.007205725385048127,True,-0.23999465301025633,축소
CHEESES,244,11.161034731176128,0.081406378392076,0.707415298878623,2.012489996245906,9.056987656552655,1.232312017462143,0.28341206245967104,1.054463513745088,0.4793084323283143,False,0.081406378392076,불확실
MEAT - SHELF STABLE,161,28.50147551975174,0.5532821410552219,2.5032416151473833,13.889846151454929,4.555368103607627,6.256678905307339,-0.16049004323080454,-0.3459111892655013,0.012306150070683924,True,0.5532821410552219,확대
APPLES,432,2.5623381109154155,-0.3098839167109344,-6.445898853380854,-10.379852866842066,24.596917334083713,0.10417313991476518,0.47047724344037783,2.9079965927500915,1.1491728563637279e-10,True,-0.3098839167109344,축소
COOKIES,115,8.921327114825631,-0.3912873339263749,-2.1888720939507835,-9.059798995116621,17.259684537568933,0.5168881908245017,0.7931374507787313,1.8629307968935782,0.028606137877410304,True,-0.3912873339263749,축소
CARROTS,136,11.61643342738985,-0.37853444499783323,-7.882582595751955,-18.450141638421353,23.79419291217017,0.48820455773678784,0.15763252649242876,1.0319690439731863,3.2068290028442185e-15,True,-0.37853444499783323,축소
ICE CREAM/MILK/SHERBTS,672,17.075167883235462,-0.3020570120866085,-5.282688801818174,-7.412891862541331,22.106798013994414,0.772394440498631,0.0662011907183986,0.4689919720406293,1.2730153154422606e-07,True,-0.3020570120866085,축소
FROZEN MEAT,154,21.662808861075614,0.6297334356310114,2.6837366257802238,9.590475893857166,13.185681267576479,1.6429040275942624,-0.11188377096512381,-0.22045694263109883,0.007280443460278509,True,0.6297334356310114,확대
TOMATOES,429,7.010054519860611,-0.6981909996280472,-15.547143705282645,-24.748034766353634,29.14558288401603,0.24051859068171366,-0.1595422220969775,-1.126144550054146,1.6636148417909988e-54,True,-0.6981909996280472,축소
GRAPES,502,4.335157218869192,-1.0660764007307804,-19.89532085845411,-29.778336159732916,28.41823193908986,0.15254844946585486,-0.043025009359596786,-0.3244988424056528,4.4673956646395085e-88,True,-1.0660764007307804,축소
COLD CEREAL,474,24.609438821877085,0.2513294459242811,3.0829615950538236,5.741369680888069,15.053365100734375,1.634813123656751,-0.03505418109644261,-0.16182853911979342,0.002049516029335628,True,0.2513294459242811,확대
BROCCOLI/CAULIFLOWER,180,13.32431495970826,-0.30809851994018506,-5.5304723674785174,-13.433288135311502,21.442016296749458,0.621411474336403,-0.04306783638119648,-0.36918874509678923,3.193696059133588e-08,True,-0.30809851994018506,축소
TROPICAL FRUIT,940,7.2788205043411836,-0.269876898606398,-14.035810338932317,-20.998081247127708,29.031722450675986,0.25071955398814794,-0.07189089487350667,-1.288494679520138,9.411447526099985e-45,True,-0.269876898606398,축소
HOT DOGS,260,19.518078606290995,-0.03805754962217744,-0.3014614131216622,-1.1949766608421584,16.813623534563398,1.1608490321059055,-0.1819006454203511,-1.1278057708284779,0.7630626700293646,False,-0.03805754962217744,불확실
MARGARINES,105,21.793411938043977,-0.07656869079459566,-0.9777787258627724,-4.2461652873283064,22.820910963530128,0.9549755473334002,0.1002225707433307,0.5506233731885114,0.3281837751122014,False,-0.07656869079459566,불확실
BACON,209,20.965128361141417,-0.18031490049246804,-1.7284376102802725,-4.222317069232819,20.67564437041984,1.0140012076787186,-0.04449132102790405,-0.20517481466426105,0.08390979745360752,False,-0.18031490049246804,불확실
FROZEN PIZZA,621,21.829059824531996,0.7131734400853085,6.140819169656124,11.869474256202759,11.134086844763562,1.9605613041179353,0.053752325160504724,0.20731326135217837,8.209700008166861e-10,True,0.7131734400853085,확대
DINNER MXS:DRY,139,41.21330020047457,0.16126033576554852,1.1318380435197481,4.744897336709019,24.46621536775064,1.6844983819932595,0.060524995414747006,0.14797321631023294,0.25770253024516954,False,0.16126033576554852,불확실
DELI MEATS,568,15.317817922586377,0.9471666809606457,9.06885334595671,16.25165699350132,6.152889505621325,2.489532423520999,-0.12271733372282889,-0.4977438406327264,1.202760480288407e-19,True,0.9471666809606457,확대
FRZN BREAKFAST FOODS,126,15.58563925043455,0.1620832227041477,1.168034806047872,4.413151830307042,8.105095911942941,1.9229432223582885,-0.14171160037471162,-0.4089720267880669,0.2427927254923271,False,0.1620832227041477,불확실
FRZN POTATOES,155,5.581357837035956,-0.1862818787033486,-2.6062006655634997,-6.958493980525729,13.691261633176339,0.4076584018752036,0.19927663350881675,1.1280921168850377,0.009155280774947129,True,-0.1862818787033486,축소
