household_key,dd,quintile
379,0.0,1
296,0.000832408435072142,1
522,0.009787377657779275,1
1386,0.010560675883256529,1
1416,0.011784872509106493,1
657,0.013309763959654775,1
1730,0.014062960714595436,1
1273,0.016396052212671125,1
2219,0.019464533742037455,1
120,0.020184519426517087,1
1876,0.022087244616234125,1
991,0.022090358142216347,1
2444,0.02394366197183099,1
821,0.028453181583031558,1
494,0.02969121140142518,1
1885,0.03261025714696164,1
299,0.03299964786961115,1
2394,0.03411742941712204,1
1893,0.03444603727216875,1
1100,0.03446391795906359,1
446,0.03550492938982148,1
853,0.037135608886325014,1
186,0.038700514823362335,1
615,0.040628313891834564,1
1433,0.04079933388842631,1
1727,0.041119691119691125,1
2257,0.04305332619939362,1
1471,0.04423533307577681,1
1805,0.044251097739469815,1
2161,0.04459185792917228,1
902,0.04486801045795733,1
1144,0.0466303213084329,1
755,0.04700623166142932,1
1897,0.047665369649805445,1
1280,0.04768735456313156,1
789,0.04780408458340864,1
1626,0.04787234042553192,1
1533,0.05066141289051506,1
1799,0.050791032024276,1
992,0.05079798001321088,1
2192,0.05170906200317965,1
1023,0.05285138892573553,1
2323,0.053113314605696425,1
2191,0.054507238131361026,1
1663,0.055548256778283206,1
720,0.05561569584878427,1
1788,0.05576502865090969,1
1095,0.05585842631748781,1
50,0.0564660978895375,1
754,0.05722431524284697,1
1875,0.05725924217969411,1
89,0.057302787235270346,1
2122,0.05833948728768856,1
1209,0.05916149068322982,1
966,0.05920718278841267,1
1723,0.05971924751428308,1
759,0.059855118705758596,1
1035,0.06051429451316533,1
1810,0.06068795744484263,1
2163,0.06120619396903017,1
746,0.061724348890054175,1
1243,0.06260769672601955,1
835,0.06274801587301586,1
267,0.06452244897959183,1
1914,0.06489568348485418,1
1725,0.06519663274280688,1
1654,0.0653573777512657,1
2265,0.0657497888768247,1
1844,0.06597000709837994,1
1848,0.06653850410868807,1
1164,0.06669193190557067,1
1586,0.06679146192444688,1
1840,0.0671542167276104,1
959,0.06720241744766575,1
772,0.06767689211942016,1
1362,0.06790388819273581,1
87,0.0679089839152609,1
2428,0.06813898899064369,1
470,0.06818206348692377,1
112,0.06828983031968214,1
847,0.06852083968517453,1
569,0.06882181103531343,1
106,0.06894455047545055,1
1256,0.06931973404041618,1
392,0.06989335192922573,1
935,0.07039844258833798,1
509,0.07061597185839381,1
1274,0.07098381900424923,1
1318,0.07142675191685555,1
1855,0.0718030449188441,1
439,0.07197805359986187,1
1171,0.07207207207207206,1
1871,0.0720949957591179,1
2110,0.07223924770156034,1
2162,0.0723816695065916,1
415,0.07268825595005851,1
2058,0.07293339730084891,1
45,0.07308008475066864,1
1031,0.07310068690926694,1
352,0.07316495659037094,1
2203,0.07318501571212735,1
2060,0.07338622013553206,1
500,0.0740174672489083,1
810,0.0740673339399454,1
1636,0.07438955139125497,1
1661,0.07447114625973471,1
1115,0.07478656317570619,1
1032,0.07496644831778804,1
797,0.07535636101060963,1
1915,0.07556462531640601,1
2214,0.07568428504011326,1
1091,0.07586996258776497,1
1168,0.07591579139925914,1
73,0.0762928861856917,1
1175,0.07645889396431356,1
1668,0.07646311183092096,1
1348,0.07648664176960643,1
1771,0.0767387814753588,1
1112,0.07704447804901468,1
1260,0.07709215822638081,1
1935,0.077094004336899,1
1240,0.07760220580726408,1
1342,0.07777777777777777,1
1037,0.07778063906950794,1
1744,0.0778240499739719,1
2106,0.07788760663966383,1
1786,0.07801037186946622,1
1865,0.07810764379989094,1
38,0.07820227161567306,1
1925,0.07834390923475208,1
1864,0.07851027996187837,1
915,0.07859831633700635,1
1448,0.07879142222926905,1
724,0.07882351025194212,1
2189,0.07898542263578144,1
1443,0.07901529223724565,1
23,0.07905545607003775,1
329,0.07939412722541159,1
2033,0.07982364185731021,1
119,0.07989215355862617,1
1609,0.07989308366343434,1
1975,0.08004495964687423,1
523,0.08013139589293618,1
1701,0.08018402561056635,1
459,0.08046622820063677,1
335,0.08114414103007256,1
899,0.08117550349362924,1
1547,0.0812039662433099,1
2230,0.08120858276057448,1
1782,0.08126019161690544,1
252,0.08158205430932704,1
2045,0.0817112144102266,1
1139,0.08200915981561557,1
1557,0.08202186100327208,1
1803,0.08205799686198377,1
2128,0.08228841304140742,1
961,0.08271488693486226,1
1389,0.08272723406065242,1
2185,0.08288556961382755,1
373,0.08293656888342803,1
565,0.08304764743876386,1
2036,0.08315259329610468,1
1839,0.08318826775274257,1
1229,0.08320988813310808,1
914,0.08337839214487779,1
1789,0.0834251199147273,1
1170,0.08344827586206896,1
349,0.08363429777218682,1
960,0.08398321160525278,1
2181,0.08411237529289561,1
169,0.08411293721028233,1
413,0.08417905560651072,1
350,0.08420195039671163,1
2328,0.0842856956470684,1
1760,0.08431787386787742,1
1973,0.08440342868402899,1
661,0.08441398969099966,1
528,0.08446735395189008,1
1057,0.08466299905298302,1
1030,0.08480244203594457,1
736,0.08487096914574174,1
900,0.08519870684747624,1
1485,0.08526841939546594,1
347,0.08531465898608831,1
997,0.08554603883809944,1
1922,0.08566292559033496,1
1850,0.08566519858884404,1
27,0.0857864290145571,1
976,0.08587479157780445,1
2369,0.08639907963696791,1
1352,0.08675864882000071,1
2355,0.08683048039757042,1
735,0.08684394595722222,1
532,0.08698585576251172,1
10,0.08704126524475135,1
2411,0.08706028143924172,1
2025,0.08720521928529991,1
2282,0.08762545975936663,1
197,0.08766952483352458,1
235,0.08770609421178173,1
1558,0.08778566717107046,1
274,0.08786819770344481,1
1733,0.08796525581926928,1
1646,0.08805286650049271,1
2397,0.08813794699687534,1
1407,0.08819093482920119,1
584,0.08822235320487812,1
2321,0.08825124488487897,1
951,0.08829147835810464,1
2332,0.08830797957054208,1
1476,0.08842102826751971,1
1377,0.08857485568633328,1
1281,0.08859855486472862,1
1173,0.08860660359626588,1
1413,0.08879215035931455,1
65,0.08883399633459398,1
839,0.08884597474456951,1
40,0.08898259881256686,1
2172,0.08909992362684828,1
648,0.08921585598061278,1
692,0.08923371837456412,1
1438,0.08933609688340999,1
721,0.08946663317424433,1
1403,0.08960890866798858,1
1853,0.0896094478400497,1
4,0.08962016604293024,1
895,0.08993886250891264,1
861,0.0900246369198671,1
1029,0.09006091967993332,1
43,0.09006612281844376,1
374,0.09011756465165416,1
832,0.09110070831597264,1
400,0.09118211839123992,1
1447,0.09123362679836805,1
694,0.09138214899472426,1
1267,0.09143345941958467,1
1571,0.09149993127687567,1
162,0.0915208729922344,1
777,0.09155775344401271,1
681,0.09158821579885525,1
1011,0.0916815837324975,1
1842,0.09168219178082186,1
324,0.09182151400829562,1
1509,0.09187884909962632,1
286,0.09189633039194144,1
2322,0.09193874919655025,1
717,0.09206857573474002,1
1836,0.09219237833747206,1
1270,0.09222472552415215,1
261,0.09228321400159112,1
1016,0.09236988770814807,1
218,0.0923771792853363,1
1325,0.09262835989055206,1
2226,0.09283021585592385,1
356,0.09287843186027818,1
308,0.09297309410759556,1
1186,0.0930346797265907,1
1900,0.0931309551740197,1
975,0.09314636174959383,1
1890,0.09326439083265896,1
1333,0.09337148562755263,1
785,0.09342600605202091,1
1923,0.09343937407747648,1
922,0.09366075839548867,1
1059,0.09384441087613295,1
1657,0.09393548387096774,1
786,0.09398483993807034,1
1588,0.09401072253596203,1
2145,0.09416572636848941,1
1942,0.09449904154366913,1
844,0.09458263467195714,1
1276,0.0947334887074328,1
1920,0.09507164205908385,1
1820,0.09508780526855866,1
167,0.09519724194906504,1
2099,0.09521960613778965,1
516,0.0953245879582913,1
288,0.09534553232635475,1
2229,0.09540267037967125,1
872,0.09543949981610887,1
1527,0.09545498718560753,1
2476,0.0955254009195918,1
207,0.09555482111873088,1
571,0.0955648025981934,1
1046,0.09566391915312569,1
1582,0.09579740930484397,1
1053,0.09580745054660744,1
2438,0.09589624426967237,1
491,0.09595416414087093,1
1297,0.09600904520195337,1
1090,0.0961238374633294,1
1755,0.0962025316455696,1
406,0.09624669935873256,1
289,0.09625436416786137,1
2115,0.09628094762477304,1
669,0.09631535346320805,1
852,0.09633816367025436,1
2133,0.09634578488345248,1
1962,0.09635964548993618,1
2209,0.09645572027617369,1
1828,0.09652610310890941,1
404,0.09663395851447015,1
52,0.09666090400523843,1
1211,0.09681255102403,1
577,0.09689050421137642,1
382,0.09691302161890399,1
1314,0.09694037179457266,1
478,0.09716950439214833,1
818,0.09725427775567053,1
1444,0.09735204833037782,1
259,0.0974059588174393,1
2260,0.09743782732775103,1
1726,0.09763666209439854,1
336,0.09767531796173011,1
2233,0.09773027060023806,1
2371,0.09795426953670074,1
1230,0.09803840079793867,1
149,0.09820599038707684,1
2320,0.0982086596453326,1
130,0.09822860668017977,1
1303,0.09836460289643872,1
394,0.0984513602515798,1
273,0.09858663409527132,1
840,0.0986512222774515,1
455,0.0986715272179186,1
2498,0.09870362262283222,1
1592,0.09878689171127876,1
2413,0.09879046602632514,1
779,0.09882026641665681,1
1157,0.0988496886147893,1
707,0.09890050510378683,1
2454,0.09906037584966014,1
2044,0.09913026856542104,1
2286,0.09913538111490329,1
1978,0.0992587512585178,1
1854,0.09928291529833565,1
826,0.09938063063063063,1
1696,0.09941575497712933,1
1602,0.09952760314411462,1
599,0.09955166940491769,1
1859,0.09961211009629085,1
402,0.09979215003866976,1
1307,0.09980543499176833,1
1541,0.09985460533230556,1
256,0.09987653033656722,1
1566,0.09992183254047594,1
32,0.09992206752743428,1
1559,0.09995565776040749,1
1740,0.10001084182889348,1
172,0.10008350328392719,1
555,0.1001412986330179,1
2246,0.10026318736700639,1
990,0.10030106163840907,1
2231,0.10034210549578776,1
2293,0.10039477821383234,1
1800,0.10039655083074502,1
243,0.1004333728253413,1
1773,0.10049700513652898,1
2032,0.10050391268697707,1
2460,0.10054914713461775,1
1997,0.1005502895502607,1
802,0.10056647067259428,1
20,0.10061032461609008,1
16,0.10073502457330676,1
1618,0.10079418115946027,1
1982,0.10088997400960853,1
222,0.1008949776979667,1
1881,0.10110108381190896,1
2365,0.10118638239339756,1
530,0.10124109483591255,1
2272,0.10125216086928686,1
1036,0.10145232029834284,1
2077,0.10150654283828808,1
1612,0.10162898094047748,1
501,0.10162946945710093,1
514,0.10166586915638251,1
328,0.10177528671816012,1
2193,0.10218285827824954,1
642,0.10218696143103344,1
1167,0.10224064573405162,1
91,0.10241607002808205,1
1430,0.1024358142372734,1
1585,0.1024662772942087,1
1567,0.10255043148463691,1
2171,0.10255683410079003,1
1383,0.10258463778667638,1
1148,0.10271870203902654,1
424,0.10278917333211099,1
1468,0.10286750992989707,1
2064,0.10294208430648288,1
665,0.10309945032103097,1
1213,0.10319710072123146,1
193,0.10335563586746897,1
2225,0.10336864833214392,1
433,0.1035114810490503,1
627,0.10357857603202061,1
1584,0.10359743799630376,1
51,0.10362315440440441,1
1749,0.1038096836690858,1
2024,0.10386122345803837,1
189,0.10402393782664032,1
2278,0.10404596462186977,1
2136,0.10410824690023313,1
2135,0.10412854452443601,1
1713,0.10430565219170791,1
2330,0.10440108572307405,1
849,0.10449124173649409,1
1843,0.1045791519754091,1
1380,0.10458822805830618,1
486,0.10463846419128638,1
883,0.10471443297623854,1
1235,0.10484818554910341,1
427,0.10488732712208644,1
956,0.10492190331699086,1
973,0.10494354552504627,1
1368,0.10511841367713001,1
699,0.1052110554939133,1
1944,0.10521255186464244,1
773,0.10524228439573116,1
2051,0.10534847207280541,1
697,0.10539092521430678,1
1595,0.10547269378679867,1
1910,0.1054753062761838,1
1196,0.1055349946541656,1
1409,0.10570699758703894,1
1530,0.10574065588793609,1
118,0.10584229259987485,1
358,0.1060818181119841,1
2449,0.10625160496971679,1
1778,0.10635515648156203,1
1720,0.10644033009408525,1
823,0.10645978639930251,1
1117,0.10655248351177969,1
760,0.10661200149086841,1
1431,0.10665766374071571,1
216,0.10669321102766997,1
1845,0.10671066253925425,1
1656,0.10678941311852706,1
596,0.10687336852972526,1
1479,0.10688989892845024,1
1534,0.10703375024879073,1
1938,0.10704550841431616,1
1103,0.1070553589546882,1
580,0.1070977568273615,1
703,0.1071570926446456,1
1050,0.10718145358192109,1
1081,0.10718171730198231,1
440,0.10718467269824375,1
1048,0.10720742506419778,1
1510,0.10723743918587168,1
1077,0.10732318710832585,1
2261,0.10735090730040114,1
2139,0.10735650154766133,1
2385,0.10736229508196712,1
284,0.10738255033557044,1
2308,0.10741360089186175,1
1004,0.10741801278923442,1
1888,0.10747663551401868,1
2266,0.10751872968270032,1
2046,0.10756861657887443,1
1301,0.10766775534441801,1
166,0.10768673987371306,1
813,0.1077290792745507,1
745,0.10796213387539781,1
453,0.10797381496963483,1
1473,0.108012408081375,1
1097,0.10804942396642112,1
1073,0.1082164762061299,1
107,0.1082856877433303,1
1991,0.1083478536353556,1
941,0.10852340411580202,1
2228,0.10871177063145883,1
1742,0.10878547686013802,1
897,0.10888348427149667,1
1884,0.10889339702899024,1
168,0.10894752578860814,1
695,0.1089686222471986,1
1039,0.10897514699572056,1
2479,0.10898245681519537,1
1814,0.10900153109992239,1
790,0.10915155910079767,1
604,0.10916837747015169,1
60,0.10917004352393819,1
924,0.10917887366850305,1
2361,0.10934853966271679,1
302,0.10937145728520044,1
1841,0.10937950298166663,1
12,0.10939747750158915,1
183,0.10948717795694746,1
1796,0.10951923181962178,1
2424,0.10960594112097531,1
1477,0.10968251687975863,1
1539,0.10970381917381138,1
1802,0.10977539333672137,1
1781,0.10978277391172166,1
893,0.11000442275814706,1
1221,0.11002156849665352,1
506,0.110178938943517,1
1197,0.11021084383823726,1
202,0.11028037383177573,1
1078,0.11032847445675127,2
2142,0.11042410165554761,2
2422,0.11055531390459619,2
219,0.1106679429353413,2
1808,0.11073593019554483,2
1156,0.11078043112238847,2
1388,0.11080110505651679,2
2284,0.11082299584954572,2
2458,0.11088917285957096,2
1649,0.11091564404016128,2
2437,0.11092314423217148,2
2175,0.11096630491445901,2
1182,0.11103500802735322,2
911,0.11107159116776688,2
1142,0.11111460818962393,2
2186,0.11118132722935503,2
148,0.11132122879170582,2
1076,0.11151823082059044,2
1604,0.11155606407322655,2
115,0.11159256719385126,2
418,0.11164560226979611,2
205,0.11173547261692766,2
638,0.11186056623901075,2
1340,0.11200094217406666,2
1373,0.11204743436148391,2
13,0.11212101266160882,2
2415,0.11222410477149918,2
1629,0.11227315793309528,2
2178,0.11234171355492402,2
576,0.11240494669688132,2
331,0.11241964333150335,2
1293,0.11252264998634792,2
163,0.1125867997033641,2
1418,0.11262417878202967,2
1246,0.11276731200290022,2
1872,0.1128968567366924,2
540,0.11300481038147446,2
762,0.11302553901616134,2
2393,0.113047767820439,2
871,0.11304817094637624,2
1947,0.1130594430768597,2
1227,0.11314217483321984,2
1669,0.11314954383181279,2
2316,0.1132446157838158,2
1590,0.1132911191686839,2
971,0.11330037065331178,2
628,0.1134727496389795,2
1735,0.11353903318037561,2
2146,0.11355608431917959,2
249,0.11356145230247384,2
2466,0.11359827855429029,2
690,0.11364529069729998,2
978,0.11366244707601703,2
884,0.11370685067258814,2
1610,0.11388245434466411,2
652,0.11395464464270916,2
1177,0.11406805485017775,2
320,0.11408592815073795,2
588,0.11412433823492082,2
2390,0.11420453293980308,2
982,0.11420858598322492,2
84,0.11423270928315063,2
2399,0.1142524723676556,2
1516,0.11427637416522671,2
2406,0.11430943741279777,2
448,0.1143120659722222,2
1487,0.11449419315403421,2
1001,0.11449429189522038,2
1466,0.11450409934669552,2
2076,0.11460871982578867,2
1852,0.11474781974175938,2
543,0.11477977161500812,2
86,0.11479563613598888,2
1553,0.11490539916935856,2
2291,0.11509603841536611,2
1670,0.11529411764705884,2
1497,0.11539723814092047,2
1453,0.11542046865852644,2
1780,0.11544010470892702,2
621,0.11548695883180396,2
1122,0.11557738644244725,2
1010,0.11558015246466458,2
1835,0.11561104322106314,2
376,0.11562986621807467,2
1272,0.11567659974869356,2
859,0.11571202534245324,2
2177,0.11578335432613113,2
2003,0.11581896020154685,2
2124,0.11600187900626723,2
903,0.11600319557296236,2
432,0.11605893631354391,2
618,0.11616157667511563,2
1393,0.116178679556951,2
560,0.11618714689985278,2
318,0.11619230636058304,2
1829,0.11621006694833043,2
2262,0.11623893328022968,2
1189,0.11624309116542525,2
1715,0.1162761328542071,2
90,0.1163659907589982,2
1537,0.1164239485170759,2
2236,0.11643381851483796,2
1501,0.11654094286945371,2
1932,0.11656860702956129,2
538,0.11657656780142531,2
2055,0.11662885307463618,2
47,0.11679522458426597,2
1449,0.11685669797578979,2
7,0.11690876068094161,2
2488,0.11694108083650943,2
868,0.11698951820616403,2
1552,0.1170055692267841,2
2235,0.11703725122314257,2
963,0.1170711205146697,2
689,0.11707317073170732,2
586,0.1170833609655812,2
1000,0.11711306798950163,2
1790,0.1171205220754515,2
1159,0.11718003623785202,2
701,0.11731749387215169,2
564,0.11741771254571522,2
238,0.11757934223845345,2
675,0.11769475698470445,2
944,0.11774189398941778,2
1302,0.11776193731080956,2
606,0.11789980413252776,2
602,0.11794571372778753,2
6,0.1179567221108822,2
1028,0.11806240983979956,2
35,0.11806275014449764,2
1052,0.11819116135662898,2
2258,0.11828931577666435,2
1794,0.11836550060313628,2
2283,0.11838025245989695,2
70,0.11841231912916501,2
1613,0.11848493071542981,2
1096,0.11849140040234153,2
2184,0.11852231178115298,2
947,0.11855208176005635,2
608,0.11855457864054264,2
2303,0.11859485109246076,2
2294,0.11861660440666344,2
28,0.11866872993509943,2
2245,0.11872475372550702,2
919,0.11881982335787156,2
311,0.1188706607450376,2
1129,0.11899731479361375,2
2354,0.11900898753133361,2
679,0.11905629440699567,2
1971,0.11913018196258628,2
242,0.11920238685359939,2
1683,0.11923795094658078,2
2126,0.11923830505719923,2
1111,0.11931508019972767,2
1275,0.1193934352805682,2
1125,0.119402131976794,2
2256,0.11953243165266345,2
554,0.11955710906029539,2
1945,0.11965405816384718,2
2447,0.11965956232185956,2
369,0.11973188343258244,2
1199,0.11973953288128299,2
1954,0.11979352621164169,2
867,0.11982687125290424,2
22,0.11985635740226008,2
1628,0.11986451048951052,2
622,0.11995451674036639,2
64,0.11997147155339727,2
391,0.1200168911330536,2
444,0.12011451905068923,2
688,0.12012133865198903,2
441,0.12025295003462083,2
1415,0.12028649673477984,2
2022,0.12034419500455118,2
673,0.12035930312579234,2
1505,0.12043944613457404,2
846,0.12046574115539636,2
362,0.12055721164870438,2
1134,0.12060033252514506,2
436,0.12061662037684573,2
2141,0.1206424884021461,2
378,0.12066140188939402,2
1632,0.12066986449662173,2
857,0.12074052750890571,2
2363,0.1207636504596301,2
534,0.12082651235390413,2
1339,0.12083939721139852,2
2067,0.12095469255663428,2
2440,0.12099217419803514,2
1614,0.12102773644822455,2
1544,0.12111357957163674,2
456,0.12116906019897689,2
488,0.12117553369126827,2
128,0.1213118643062598,2
877,0.12132158396048914,2
451,0.12136044463758834,2
1369,0.12136544019142778,2
1886,0.12146437522377372,2
1625,0.12155712439097148,2
1481,0.12156883103399044,2
109,0.12157481201948801,2
2401,0.12174936550557251,2
1619,0.12175574559811346,2
1666,0.1217909465622344,2
784,0.12180062358903762,2
972,0.1219000187431386,2
1985,0.1219614628655903,2
71,0.12197268979732051,2
838,0.1220006136851795,2
898,0.12207068454798083,2
1724,0.1221568022488473,2
684,0.1221695680520011,2
926,0.12217678487681505,2
1596,0.12228602950536781,2
2480,0.12230894398632064,2
63,0.12238136996979443,2
1536,0.12245805940619868,2
260,0.1224581381650913,2
390,0.12252702941102347,2
322,0.12258690744920991,2
1084,0.12274766848495512,2
1104,0.12277115579876474,2
2182,0.12282207935683956,2
1191,0.12290997674676114,2
1561,0.12293303623783274,2
200,0.12305064104732588,2
2007,0.12307921455700904,2
1402,0.12324498044116927,2
1684,0.12331138129010465,2
1345,0.12339596164340844,2
1857,0.12341247031007663,2
1021,0.12344065273433646,2
816,0.12344338592112489,2
2425,0.12357896967240292,2
1983,0.12358223280452571,2
2499,0.12359492180057846,2
1698,0.12376423695182817,2
1203,0.12378777967009444,2
728,0.12380880449418291,2
2248,0.12388185408921934,2
854,0.12393777319251759,2
2008,0.1240065843276227,2
96,0.12402448180928757,2
905,0.12404493177126612,2
1051,0.12430975210543302,2
1408,0.12431556195965418,2
757,0.12441217767278076,2
1502,0.12444570027481419,2
250,0.12450712500348196,2
2315,0.12459097363709329,2
1248,0.12460613100483307,2
2311,0.12466706761749288,2
1491,0.12473852930172438,2
981,0.12474770854550504,2
575,0.12485246957583888,2
1423,0.12499261403923427,2
1313,0.12501497113565047,2
1137,0.1250259372458851,2
1395,0.12502658921704984,2
1452,0.1250945123164471,2
1109,0.12513195764976118,2
1996,0.12516197818420405,2
1763,0.12517517144956186,2
1976,0.12529690845040004,2
1770,0.12532989736526398,2
1573,0.12534109514280517,2
2273,0.125349620412124,2
1777,0.12535006790614903,2
671,0.1254934644272793,2
1347,0.1255293684404345,2
2015,0.12556137348618632,2
175,0.12557327346343525,2
578,0.12559572833862354,2
1911,0.12560870035710422,2
384,0.12572926543588595,2
928,0.1258296347889096,2
1378,0.1258894873577771,2
129,0.12589274604952094,2
141,0.125914603588253,2
1764,0.12595986365585118,2
2083,0.12599975354135812,2
496,0.12605562552910324,2
2211,0.12610378652720253,2
916,0.12612033388834842,2
2463,0.1261514700204093,2
942,0.12615185431892587,2
1360,0.12616257020569588,2
353,0.1261721579452242,2
1677,0.12631362679130906,2
1187,0.12652410300247716,2
360,0.12653880699529774,2
365,0.12654742181307552,2
2264,0.12656354363286645,2
113,0.1265656302456684,2
30,0.12656709487695397,2
1837,0.12661188464767312,2
269,0.12666706112064374,2
1263,0.12667167160798581,2
396,0.1267883897881841,2
2455,0.12685719135613277,2
408,0.1268987210794255,2
2403,0.1270300027525461,2
1346,0.12703333870188435,2
888,0.12711832004316279,2
1940,0.12715420982108996,2
582,0.12720276613598905,2
387,0.12721226442800787,2
1572,0.12728181189724916,2
1494,0.12728370961105806,2
889,0.1273736209627926,2
932,0.12743934060631842,2
1821,0.12748173907761456,2
521,0.12753068427244477,2
489,0.12753441230853516,2
192,0.12754676106152318,2
2419,0.12775561620827214,2
1040,0.12783642669309037,2
691,0.12791292880567745,2
758,0.12794160023052537,2
549,0.1279709996238158,2
2453,0.12797343078610687,2
1965,0.12798731852150058,2
2156,0.1280280015849953,2
1601,0.128137683797018,2
1294,0.1281455927406857,2
583,0.12815734735826922,2
2360,0.1282385875042763,2
562,0.1282395975858341,2
330,0.12827153679588035,2
970,0.12838541155213387,2
1587,0.12841364447587297,2
271,0.12842590632131176,2
1152,0.12844716232939193,2
1676,0.12854301017647402,2
845,0.1285433148919918,2
2121,0.12854823155845527,2
2416,0.12857117828443274,2
1018,0.1286725354420149,2
282,0.12869533002900987,2
1180,0.1287027076866336,2
2475,0.128709497399833,2
605,0.12876662904712555,2
886,0.12893528467054213,2
397,0.12893953180577378,2
2114,0.12899977172935154,2
2020,0.12906335551834916,2
1020,0.129154856176833,2
601,0.12916144483252598,2
1460,0.12925718106639486,2
517,0.1293190298783063,2
1693,0.12932521509801254,2
573,0.12932985308732142,2
83,0.1293417753036797,2
644,0.12935784882115833,2
1956,0.1294576772978065,2
1678,0.12948134700655198,2
1215,0.1296332072972152,2
2194,0.1296375893403553,2
1426,0.129650905077662,2
1008,0.12975497140458575,2
876,0.12976775877123742,2
1459,0.12995251766784444,2
108,0.12995651061652594,2
194,0.1302820809097615,2
184,0.13038539926968035,2
283,0.13039257917377217,2
752,0.1304052371664522,2
212,0.13045280874379436,2
558,0.1304699160138829,2
1889,0.1304739745012648,2
344,0.1305279826153606,2
203,0.1305341331048272,2
1289,0.1305400823443933,2
949,0.13057101275575705,2
445,0.1307067083619488,2
870,0.1307118937020633,2
213,0.1308380203407827,2
370,0.13087299260903248,2
1498,0.1309714363009221,2
399,0.1309854943780522,2
254,0.13108481541840855,2
1079,0.13114157035878934,2
1905,0.13130745570082192,2
2452,0.1313989198347982,2
2095,0.13141374223351673,2
1583,0.13148174971031287,2
2346,0.13153800487215703,2
1545,0.13165863400646177,2
742,0.13177864195625216,2
677,0.1318771694302335,2
1532,0.1319248418892637,2
1816,0.1320169900126277,2
2080,0.13205700600738307,2
1974,0.1321215557207296,2
2388,0.13222824729239224,2
1228,0.1323242851316444,2
1060,0.13236110220932715,2
58,0.13238819020606654,2
510,0.13240022997737771,2
685,0.13242611450965203,2
1147,0.13244073000170561,2
1551,0.13247062256590977,2
848,0.13249427286025772,2
894,0.1325382212383888,2
156,0.13255773437348764,2
1332,0.13261147536523651,2
994,0.13267556153529914,2
1515,0.13268664995995996,2
765,0.13270026783540298,2
1268,0.13279525313909263,2
1728,0.132823259372609,2
1817,0.1328439838802533,2
2165,0.13292803154781466,2
708,0.13293691043716396,2
639,0.1329478105759825,2
2048,0.1330712635129751,2
1495,0.13307288893621555,2
952,0.133073979659718,2
1249,0.1331244404655327,2
1716,0.13316934146790774,2
1374,0.13318894517511015,2
1412,0.13319591676482131,2
1070,0.1332139744454127,2
2485,0.1332192915435533,2
1486,0.13326974538324987,2
2299,0.13330831501635124,2
2426,0.13332606045657855,2
2357,0.13336644728672542,2
1953,0.13336833628375086,2
526,0.13354256650385493,2
1208,0.13357333498851712,2
874,0.13358689017232475,2
653,0.13363629456374204,2
1753,0.13371975626848467,2
44,0.1337737145272948,2
2492,0.13381949575409155,2
2103,0.13385418089436446,2
869,0.13399682048825107,2
2004,0.13399886510338063,2
314,0.13405839779077827,2
1195,0.1340929550022813,2
1461,0.13411124711002304,2
1316,0.1341339384702781,2
1856,0.13414923460340977,2
831,0.13415619659169692,2
2028,0.13419422763921937,2
925,0.13421284080914686,2
354,0.13425514708806713,2
1041,0.13426167538823916,2
1963,0.13427841647071312,2
995,0.1343381631101499,2
1756,0.13442418090934882,2
1264,0.13445934109933555,2
1465,0.13450240539162436,2
2079,0.13464147016741915,2
383,0.13466418323313525,2
1995,0.13479373553793367,2
1707,0.1348413473925745,2
1002,0.13489578236618063,2
1245,0.13494802513278842,2
244,0.13500811242071956,2
2069,0.1350250928577504,2
808,0.1350259043064444,2
2368,0.13505259846386397,2
1909,0.13513725029837026,2
553,0.1351598758121818,2
1470,0.13518749240306308,2
139,0.1353041701168055,2
2010,0.1353298424582395,2
834,0.13537379402119668,2
1514,0.13537652509007939,2
1192,0.1354093665254883,2
1906,0.1354098049200571,2
537,0.13542920140365033,2
2213,0.13548375176840724,2
2290,0.13549478913022303,2
2418,0.1355047767045153,2
503,0.1355113600122465,2
1891,0.13559062668965444,2
1554,0.13560675712070133,2
142,0.13562429507331236,2
2405,0.1356289501317536,2
1292,0.13569626061023174,2
825,0.13570310172419064,2
812,0.13572008060506133,2
2041,0.13599747763565426,2
2352,0.1359981392876129,2
469,0.13602138573476827,2
2334,0.13607917966215421,2
1234,0.13612381287372485,2
2337,0.13618729506433852,2
1784,0.13627412593855082,2
1937,0.13643787746420008,2
2338,0.1364409779716566,2
1930,0.13645282504280362,2
568,0.13646231463079025,2
620,0.1364739884393064,2
1190,0.13648632437619956,2
955,0.13653807807347187,2
411,0.13666639155561244,2
2364,0.13667905031982866,3
1133,0.13668911596222325,3
18,0.13674064483287118,3
1936,0.13676667644807608,3
1640,0.1367756566252677,3
468,0.1368143559674673,3
2144,0.136827175543886,3
493,0.13683684242584204,3
2056,0.13686444604272105,3
1951,0.13687021893959375,3
476,0.13698108416909988,3
1128,0.13703386822248714,3
237,0.13715310356331187,3
499,0.13728184691493747,3
904,0.13732747898278158,3
1630,0.13735333665948568,3
287,0.137404518351502,3
814,0.13756784351657791,3
1185,0.13776969066805306,3
266,0.1378004224961905,3
969,0.1378410696814871,3
135,0.13784367781834442,3
420,0.13788459263438557,3
487,0.13798309178743964,3
1895,0.13813377767198284,3
2367,0.13815958169140913,3
864,0.13826983497544448,3
2188,0.1382733272522401,3
1172,0.13827846883778758,3
437,0.13829626213951055,3
2464,0.13830013206623631,3
381,0.13832991241083584,3
2150,0.13836997850884444,3
466,0.1384234493125249,3
712,0.13844162757865616,3
858,0.13847464848743074,3
1901,0.1384759788168364,3
1406,0.13851567795429856,3
1405,0.13851736085871427,3
472,0.13855686928026462,3
2198,0.1385828462499127,3
317,0.13867909486273933,3
1312,0.1387371653503667,3
806,0.13888796797023234,3
1908,0.13889003564105742,3
1671,0.13889744605319138,3
775,0.1388978507013258,3
1912,0.1389093795429937,3
2292,0.13895812421757808,3
1054,0.13905654547327226,3
2254,0.13908974022203477,3
78,0.1391176665415443,3
909,0.13912380044107997,3
426,0.1391677260041787,3
343,0.13918209917782348,3
2210,0.13928228587681762,3
1034,0.13928402988026592,3
587,0.13930965979637444,3
1058,0.13934416222584403,3
1774,0.1394034528580579,3
1769,0.1394175014634253,3
557,0.13941924920007814,3
1434,0.13946332026086058,3
2446,0.139551134764308,3
26,0.13960198311795372,3
1151,0.13967100051260542,3
1056,0.13981791155704185,3
2495,0.13986421758507223,3
918,0.13988962643646313,3
1703,0.13991371264992652,3
1652,0.13993335861732678,3
938,0.14004564416898588,3
2208,0.1400690762578282,3
2493,0.14009393850814483,3
39,0.14013301717146776,3
791,0.14013524853151685,3
1681,0.14015312374874112,3
160,0.14015668867137113,3
1783,0.1401916202694383,3
591,0.14032736814935895,3
1988,0.14046252073965604,3
1244,0.14049924547283701,3
247,0.14053784860557772,3
2116,0.14055793806397746,3
698,0.1406427569543272,3
1014,0.14065612794672594,3
72,0.14078733311370503,3
2431,0.14080481144205123,3
114,0.14081715741198714,3
157,0.14084791811461428,3
1179,0.14090307050643258,3
225,0.14092799654296978,3
312,0.14096741870838447,3
2234,0.140977923795542,3
1225,0.14099272192806928,3
598,0.14101864483856297,3
1017,0.1410572292529958,3
1972,0.14115072834190806,3
1261,0.14123915457109637,3
820,0.14132718786957246,3
1309,0.14140875133404485,3
21,0.14145190980211686,3
2037,0.141469729280144,3
2018,0.14150428283793465,3
1361,0.14150988330554892,3
2179,0.14155686087738786,3
1685,0.14157901773776627,3
1955,0.14158829918944074,3
787,0.14158921581288883,3
2314,0.14164234988046684,3
1123,0.14171483751559122,3
262,0.14177048383079943,3
1967,0.14179854213090604,3
1279,0.1418989788110858,3
1045,0.14190649848675665,3
2047,0.14195805991507393,3
563,0.14196259789359972,3
1899,0.1419969651476589,3
2092,0.1420538910872432,3
1882,0.14206689758568994,3
683,0.14207036680568927,3
940,0.1420832190906598,3
1512,0.1420877735762576,3
1879,0.14216478190630039,3
1445,0.1421886629119182,3
1772,0.14226255636962779,3
498,0.14237196699402896,3
1271,0.1423896814493176,3
843,0.14241172076831882,3
634,0.1424640614057821,3
2093,0.1425184454602356,3
2098,0.14258399819227896,3
297,0.14260860334273007,3
1236,0.14266377709894298,3
901,0.1427153380867096,3
1535,0.14276316878839462,3
2456,0.14276703111858705,3
593,0.1429246862748961,3
1397,0.14305225831308846,3
910,0.1431000240731825,3
1163,0.14317548399423477,3
2402,0.1432497824564382,3
2152,0.1433904632614967,3
670,0.14345364626263493,3
2340,0.14345771346762493,3
662,0.14345810499954278,3
2296,0.14349650735801642,3
913,0.1435010987497417,3
1697,0.1435168323013684,3
1118,0.1435405308569049,3
1957,0.1435574637836018,3
5,0.14358377956982377,3
1943,0.14358632193494564,3
1219,0.1436386241193535,3
1328,0.14364753479665468,3
945,0.14367263651387904,3
912,0.143693642060217,3
1106,0.14376559213422688,3
730,0.14382533963438907,3
1257,0.14385871494497687,3
1804,0.14386879317849513,3
1071,0.14393394876153923,3
1927,0.14415984318896932,3
2113,0.1442394947867474,3
82,0.1442461154629341,3
2001,0.14424995985409833,3
590,0.144265844864859,3
2484,0.14447975255257095,3
1455,0.14450517356475298,3
631,0.14463984407001304,3
766,0.1447289196600824,3
2130,0.14487267210091023,3
2287,0.14490696941028064,3
1500,0.1449197860962567,3
1732,0.14493276384586076,3
2120,0.1449963649410365,3
1710,0.14500411458804555,3
301,0.14501051932773915,3
1904,0.14502421639404187,3
2382,0.14504385046642007,3
1237,0.14515946327247267,3
696,0.1452266419760365,3
1475,0.14526076056250362,3
1331,0.14526793327005677,3
1894,0.1453077892759055,3
1651,0.1453538785199505,3
1520,0.14539432603297098,3
1166,0.14543174397210998,3
2342,0.14544337666786758,3
154,0.14545344910757352,3
1858,0.14556660977452318,3
629,0.14566179674778093,3
800,0.1457535874317433,3
2089,0.14578136463683056,3
460,0.1458136619042459,3
155,0.1460578112698234,3
2478,0.1463114922834765,3
1507,0.14631924790995735,3
763,0.14645180099122368,3
1599,0.14649329341485903,3
1009,0.14651732586629335,3
686,0.14654366919796818,3
359,0.14654619068779937,3
1563,0.14666605452990752,3
484,0.1467432259376892,3
1990,0.1469168292689213,3
1946,0.14692726269203543,3
2238,0.14695059587335468,3
2078,0.14704298225153206,3
99,0.14720394612942722,3
232,0.1474141728319594,3
660,0.1475715083911705,3
2129,0.1476394835709236,3
2376,0.14764319335986598,3
1370,0.1476477154050604,3
2318,0.1477597471571046,3
2384,0.14777916594864726,3
819,0.1479139218269653,3
1686,0.14796624986494047,3
2268,0.14800949598246893,3
57,0.14809588011205893,3
305,0.14816746105343856,3
1589,0.1481989913157659,3
36,0.1482942830622129,3
2345,0.14833561516684454,3
2420,0.1483499952301396,3
1807,0.14836916592947785,3
1822,0.1484114330575712,3
1617,0.14842266866962694,3
659,0.14843251110088068,3
2086,0.1484363014749391,3
1873,0.14845374904883607,3
1306,0.148471946342202,3
102,0.1484916201117319,3
2131,0.14854425564291143,3
1216,0.14870667103822072,3
1441,0.14873210998277805,3
1287,0.14877094866514254,3
2349,0.14883832784904416,3
1658,0.1489578418376136,3
1650,0.14896340429031873,3
674,0.1489700750601158,3
693,0.14899412341859974,3
1762,0.14909971337298125,3
1980,0.14915977607593678,3
300,0.14916744713363228,3
1627,0.14923256902199342,3
1655,0.14923320266831716,3
879,0.14938813207111518,3
1801,0.14957725240993056,3
246,0.14961145960116093,3
2366,0.14962531360066675,3
1359,0.14964930491555184,3
1372,0.14966191881404367,3
211,0.14974895377614364,3
132,0.14983608919629665,3
1379,0.14991865197837279,3
1,0.14995832243062499,3
1679,0.15001637733377007,3
1578,0.1500737597251692,3
1917,0.15010344478363385,3
1150,0.15010422471260812,3
964,0.1501431028599681,3
2471,0.15014739283815778,3
368,0.1501817117866272,3
2140,0.1502098609355247,3
957,0.1502266433364103,3
1120,0.1502418737946712,3
434,0.15026496599029596,3
223,0.15037988403722757,3
1662,0.15048309302815327,3
1363,0.15051343410171744,3
2491,0.1505151588020939,3
1577,0.1505222545350905,3
1896,0.1505481372070215,3
1394,0.15058318153394404,3
2417,0.1505996933898458,3
25,0.15083535211631133,3
1775,0.1508941340251849,3
1404,0.15089505737268907,3
1286,0.1509373571101966,3
566,0.15096079826867484,3
1597,0.15098035215147007,3
2,0.15100155835883194,3
761,0.15110708180672972,3
173,0.1511812730294054,3
1827,0.15118688972929084,3
56,0.15118855656696997,3
414,0.15127687171745094,3
1469,0.1513810042062535,3
1743,0.15147850670414345,3
1364,0.15152187786132454,3
416,0.1516282131089691,3
533,0.15166388572676098,3
2013,0.15168193949212735,3
1815,0.1517097155486546,3
617,0.15174943961894088,3
209,0.15181284921063165,3
2297,0.15181648972838827,3
795,0.1518640477122527,3
2285,0.15187409916666056,3
1948,0.15192522859678234,3
1929,0.15194641449960591,3
850,0.15202940008754876,3
1012,0.15207982520840002,3
1819,0.15221891071009414,3
641,0.15233216314634446,3
1591,0.15233388821661328,3
54,0.15235980924190096,3
1718,0.1524042379788101,3
1542,0.15241848647673806,3
2410,0.1524442045481214,3
1027,0.15247812813735734,3
2469,0.1525450225112556,3
1496,0.1526304316233105,3
2053,0.152672120341741,3
1719,0.15268055166084585,3
2343,0.15269468163659414,3
1874,0.15270220797091388,3
1291,0.15273726176584987,3
1305,0.15301169863835512,3
1878,0.15301886386612462,3
2240,0.15310870752494432,3
2312,0.1532429754853396,3
278,0.15328675939437716,3
2436,0.15331185729072958,3
199,0.15342263127619357,3
272,0.15345052906707135,3
842,0.15346201489904363,3
676,0.15346639857453437,3
34,0.1534793915990228,3
862,0.15358217695041737,3
457,0.1536090418700231,3
702,0.15361137775549652,3
863,0.15367522313196133,3
2019,0.15373723585069793,3
1594,0.1539486282835852,3
1933,0.15398325198155025,3
1529,0.15401160233213176,3
55,0.15402259791011808,3
2134,0.15407675611489066,3
2222,0.1541684524777204,3
855,0.15424355469491574,3
950,0.15430232802233554,3
803,0.15435250798944009,3
1673,0.15444272908769058,3
1831,0.15446765788592995,3
1089,0.1544726827801454,3
2030,0.15448083269865448,3
93,0.15455007495983825,3
371,0.15469259327911097,3
315,0.154704046656776,3
2223,0.15473034336614405,3
1579,0.15477761652950678,3
1376,0.15481479820810579,3
100,0.1548282867843243,3
1233,0.1548317412501486,3
1224,0.15485071741226328,3
1454,0.1548512941544148,3
1247,0.1548991462817551,3
275,0.15491954090125862,3
1086,0.15493572882028886,3
1326,0.15496029961633379,3
2159,0.1550870115612705,3
2396,0.1551212395613241,3
539,0.15515989427517504,3
2042,0.15517739721078108,3
1611,0.1552372214165211,3
2050,0.15525105096406974,3
1093,0.15527869983187478,3
316,0.15539732862117353,3
1690,0.15551079780687033,3
2304,0.1555306616557655,3
1329,0.1555722015262274,3
545,0.15575272194304862,3
1958,0.15577721636611785,3
2249,0.15584596781694735,3
465,0.15596105732622645,3
2176,0.15596647896789428,3
740,0.15597247779822376,3
1399,0.1560364760593385,3
1019,0.15604831676260242,3
1456,0.15624576462615763,3
2372,0.15629279343934138,3
1729,0.15631819849746018,3
1085,0.15632213797571137,3
1776,0.15634794673693864,3
1506,0.1565133259617951,3
263,0.15651439530565475,3
2263,0.1565888410243769,3
1513,0.1566142174446189,3
1214,0.15667177914110428,3
125,0.15670909562147997,3
974,0.15675066126911685,3
1624,0.15684386522758148,3
1687,0.1568443132589013,3
110,0.15688339387476244,3
1334,0.1569594810652779,3
1916,0.1569773835269968,3
2306,0.1570225482205922,3
1484,0.15704857125596564,3
2375,0.1571634152617484,3
1939,0.15721599066927977,3
1398,0.1572185170655159,3
1734,0.15730733082706766,3
1823,0.15746556615126017,3
293,0.15748461923253448,3
180,0.157593135752747,3
567,0.15759521185268446,3
313,0.15773186493128244,3
2017,0.15773338054680647,3
121,0.1577377883194115,3
1623,0.157845935613334,3
1746,0.15792889560569462,3
292,0.15795108816638928,3
449,0.15806437562611614,3
556,0.15821951620865563,3
1598,0.1582248076410698,3
2477,0.158255750080987,3
987,0.15831708380170215,3
1288,0.15834054449843568,3
103,0.15836830365581642,3
2061,0.15837331682402106,3
215,0.15845370544974544,3
1366,0.15848331239623503,3
2267,0.1584942353104598,3
1966,0.15861208394231022,3
2500,0.15863457515918278,3
131,0.1587323742393878,3
2398,0.15881187149812823,3
234,0.1588603425559947,3
2125,0.15886114938560744,3
2043,0.15899721795780955,3
1550,0.15904814379723667,3
2359,0.15907866575426227,3
1140,0.15910857735164555,3
2109,0.15920980280382785,3
53,0.15921229665266848,3
2199,0.1593723804484398,3
75,0.15940507037108906,3
346,0.15943055369185885,3
1194,0.15945243264902947,3
782,0.15947863543800136,3
401,0.15951766599391975,3
1080,0.15957250259369268,3
544,0.159622804205313,3
920,0.15968894615826268,3
1862,0.1597437462353752,3
2274,0.15976688184228088,3
2392,0.15978059977344541,3
603,0.15986089566376538,3
1812,0.15990476891736005,3
1538,0.16001749192680303,3
597,0.16004578155657284,3
706,0.1600800248101233,3
1633,0.1601861296667941,3
88,0.1601910836932777,3
1913,0.1602276257448671,3
48,0.16041285883238363,3
462,0.1604405959324115,3
214,0.16047534144610426,3
923,0.16048722499071805,3
2014,0.16065355611415053,3
1593,0.16070522128176976,3
2329,0.16082890780159503,3
1094,0.16084263403395452,3
1015,0.16092970361140282,3
734,0.16095139818691956,3
1308,0.16097371631362978,3
2497,0.16108636925518255,3
97,0.16117678060533047,3
377,0.16132182014963992,3
741,0.16136958739216847,3
1367,0.16150374595987405,3
2494,0.1615210513079942,3
656,0.1615260369556789,3
220,0.16154548100598648,3
828,0.16171454587522296,3
1924,0.16175243996230368,3
1483,0.16176474240373498,3
46,0.1618533579635787,3
722,0.16187409771648723,3
1127,0.16189675160828348,3
1282,0.16189894484385586,3
1295,0.16208448610480242,3
176,0.16220284209128338,3
178,0.16245378151260503,3
2158,0.16250734907324307,3
841,0.16255335065490223,3
69,0.16265867093907296,3
527,0.16269652215340633,3
958,0.16279007160932538,3
572,0.16300600533807827,3
2132,0.16303905890006234,3
769,0.16304125158382704,3
2473,0.16310955891863918,3
1907,0.16327114121050365,3
2216,0.1633664624691797,3
1098,0.16341491473482975,3
1902,0.16342677579420742,3
2243,0.163473122865566,4
2009,0.16352292029798035,4
2137,0.16360174504584438,4
1446,0.1636185846136815,4
1135,0.16365184081719517,4
2180,0.16370180213883043,4
1298,0.16372224031884108,4
2443,0.1638082390785513,4
1526,0.16384901569649749,4
1277,0.163940543445897,4
943,0.16400491400491388,4
161,0.1640332306116165,4
1354,0.1640539839086426,4
906,0.16414908446644488,4
1741,0.1641651657661264,4
727,0.16428858371397528,4
1462,0.16459730341491358,4
2288,0.16469015838187523,4
2301,0.16476977496015968,4
77,0.16479490123203927,4
2105,0.16481053983830923,4
1222,0.16488297948193828,4
525,0.16506333810356708,4
2489,0.1651532865347796,4
1055,0.16520323846089638,4
8,0.16522888674324798,4
1691,0.1652306030457672,4
1847,0.16523186282537589,4
1047,0.16526636793627084,4
2395,0.16529320144830784,4
177,0.16535984814887086,4
1704,0.1654274037915768,4
1665,0.1654376490583623,4
1519,0.1654401490451793,4
2408,0.16544813301237193,4
2281,0.1654740264112108,4
2206,0.16550691691386432,4
647,0.16555070216702217,4
2298,0.1655723319918908,4
2319,0.1656783885050359,4
2034,0.16569579288025882,4
1767,0.16572329133252806,4
1492,0.16576356424422722,4
836,0.16576537261677993,4
1825,0.1658019054166415,4
1765,0.16589639827977537,4
1149,0.16593179887545,4
619,0.16602764155149355,4
729,0.1661010093904969,4
1959,0.16622082016819067,4
364,0.16623352348498732,4
718,0.16623745695007577,4
1641,0.16626700071581962,4
2040,0.16632184995152866,4
1145,0.1663369642335461,4
2207,0.16645655749338345,4
1712,0.16646113905565468,4
666,0.16653120202293867,4
1269,0.16658237741661105,4
1747,0.16659152310751812,4
1639,0.16675588371019842,4
508,0.16675688818342801,4
1310,0.16677046001997528,4
2065,0.16677957828562287,4
159,0.16682924062836724,4
1322,0.16691519709543565,4
417,0.1669552944611852,4
612,0.1669591201433144,4
2212,0.16706904876871073,4
1503,0.16710816777041945,4
1472,0.1672382364754225,4
726,0.1672726367168044,4
380,0.16734209849440984,4
999,0.16743908492139178,4
1834,0.16744544669150088,4
2472,0.1675045703839122,4
731,0.16764546033323488,4
2421,0.16771162602638276,4
1705,0.1677306637082899,4
1450,0.16777195257616637,4
1757,0.1678119349005425,4
2310,0.16782846287171801,4
85,0.16800399735739543,4
2091,0.16804336918878565,4
1883,0.1680461292280527,4
1522,0.16805051187065462,4
1414,0.16806014192369848,4
2459,0.16806163661650106,4
891,0.16808219271644384,4
1818,0.16813469483202106,4
1382,0.16818640587477807,4
1387,0.16824233179466455,4
751,0.16833484986351224,4
1806,0.1685593171699613,4
1201,0.16864307745359106,4
1013,0.1686620730587679,4
1165,0.1686895683659041,4
2021,0.16873700827898536,4
1569,0.16891190255676236,4
705,0.1689525490865124,4
1218,0.1689971803398313,4
1524,0.16904217848531142,4
492,0.16905088818330016,4
190,0.16921681967584723,4
327,0.16923876539261154,4
140,0.16925797731234685,4
548,0.1693642919436968,4
1038,0.1694095257748505,4
502,0.16947811488380685,4
1356,0.1695785045610611,4
355,0.16961889425657545,4
2430,0.16966966966966968,4
206,0.1696834128415238,4
66,0.1696845433660236,4
931,0.16972669048172642,4
438,0.16977238688682214,4
2462,0.16992512674102947,4
1528,0.17006808701423698,4
285,0.17010750350494314,4
917,0.17016119258271722,4
1606,0.17027185605319772,4
2295,0.1702797048507377,4
1375,0.1704000574436002,4
1968,0.17052840745679404,4
1548,0.17055316871571485,4
2374,0.17055830661781535,4
1317,0.1705849822630464,4
1300,0.17065938294613414,4
1621,0.17067602515399694,4
738,0.17070967499106082,4
479,0.17073779610886491,4
1745,0.17084273528038288,4
1463,0.17086872364575506,4
1694,0.17105458023510525,4
2063,0.1710725698480472,4
1138,0.17123309576585366,4
743,0.17123668516479323,4
385,0.17128563739082053,4
1540,0.17130415060104323,4
153,0.17135796558618938,4
2082,0.171364370479601,4
1702,0.17143842994681208,4
1798,0.171462742044423,4
1474,0.17147569454562409,4
291,0.17148728838057595,4
989,0.17149415109288335,4
1546,0.17156868936944214,4
2324,0.17158389310351066,4
1092,0.17161399548532733,4
723,0.17162789365115752,4
547,0.17163193382976388,4
1467,0.17183532871673007,4
1616,0.17188430173774177,4
1877,0.17189862599434622,4
309,0.17201269092449395,4
882,0.17206260646872523,4
2049,0.17206406769416743,4
477,0.17210230106148036,4
1672,0.17214744570204954,4
1918,0.17217356203043488,4
332,0.17231648328516722,4
2215,0.17231865376465602,4
2123,0.1724736633663366,4
342,0.1724961601320586,4
1989,0.17249894933371016,4
851,0.17257443791776383,4
62,0.1726628895184136,4
1523,0.17273035007856422,4
321,0.17276539686787967,4
1793,0.17296127936907832,4
1549,0.17296184251203464,4
2379,0.17298395068384823,4
81,0.17298920097279435,4
2075,0.17299409269752195,4
2414,0.17299535447384368,4
304,0.1730721534288346,4
2255,0.1732972227362188,4
1634,0.17335924106668385,4
710,0.17343920433291515,4
2351,0.17344362600537602,4
1338,0.17344457330988808,4
649,0.17349208784464987,4
340,0.17354399529372214,4
2386,0.17365013568086154,4
737,0.17370000353020082,4
1174,0.1738484398216939,4
1964,0.1739079026571502,4
198,0.17394896561180714,4
481,0.1739698903693391,4
1069,0.17397369107328053,4
2097,0.17399955803470107,4
626,0.17405026971192467,4
827,0.17414517096580687,4
2081,0.17414660610380076,4
529,0.17416141925791287,4
41,0.17423328617971537,4
1206,0.17432774169708806,4
1992,0.17437272142397597,4
794,0.1744177633958814,4
475,0.17449365059451621,4
497,0.17454598711189223,4
49,0.17454827274423398,4
2118,0.17454882857805615,4
993,0.1745742826127479,4
68,0.1746102217775555,4
2247,0.17464583412497445,4
1241,0.17465202661333118,4
251,0.17477293909102537,4
968,0.17482979221170952,4
1161,0.17497382006577125,4
829,0.1751011502531404,4
2307,0.17521610027338194,4
136,0.17530138587410246,4
307,0.1754033368206596,4
2300,0.17568863463509796,4
885,0.17575393500587538,4
2169,0.17579152747805005,4
1132,0.1758013225507539,4
1108,0.17586785071104766,4
264,0.1758930646217546,4
174,0.17591346651485354,4
1511,0.1759603660414074,4
463,0.17602908737428483,4
1067,0.17606824508977595,4
98,0.17616758241758246,4
290,0.17619657669199146,4
17,0.17633216775527255,4
276,0.1763426843442104,4
79,0.17634711574785475,4
929,0.17635702956425572,4
625,0.1764634171119735,4
37,0.1764741216195923,4
126,0.1765740243247204,4
1385,0.17667199812605905,4
1181,0.17668520868958362,4
933,0.17682463914098434,4
181,0.17682877744172407,4
937,0.17689318633652631,4
241,0.17689346505264136,4
1792,0.1771156398404578,4
1643,0.1771480310707989,4
2088,0.17716335522759655,4
2362,0.17719549713326813,4
977,0.17724797373076343,4
2470,0.1772670344920963,4
15,0.17736075750207397,4
887,0.17746658398787368,4
428,0.17749396818798466,4
633,0.17753096574800942,4
144,0.17768110134806364,4
233,0.1777548310960319,4
733,0.1777884206045126,4
59,0.17784544283840212,4
138,0.17787548681274507,4
1564,0.17797769995572194,4
2483,0.17819734178329374,4
1709,0.1782489387152004,4
1202,0.1784397030673701,4
2151,0.17847941399343267,4
1531,0.1784845734010243,4
2339,0.1786639792686438,4
1851,0.17866931328014662,4
442,0.1787138936826321,4
1706,0.17873091702149754,4
1999,0.1787336910864608,4
880,0.17874463073299157,4
1239,0.17890117148990894,4
1832,0.1789652717348311,4
1068,0.17896967925158705,4
1615,0.17899115148423547,4
774,0.179069406574893,4
1809,0.17908757804022707,4
798,0.17917795200760278,4
2353,0.17917910057065073,4
1022,0.17919871794871794,4
750,0.17919901920719247,4
1344,0.1792629820040427,4
1860,0.1792673616760322,4
2347,0.17928590730393393,4
1970,0.1792963539973773,4
936,0.17938262039717798,4
1392,0.1794555970377624,4
1074,0.17950718359155088,4
2074,0.1795192087082877,4
398,0.17956450465497512,4
117,0.17957873873307012,4
2071,0.17969185075180988,4
1635,0.1796949064897009,4
2378,0.17979017415640244,4
2461,0.17992020706124606,4
778,0.179941408208049,4
1184,0.17994383683121493,4
985,0.17994997333604207,4
2038,0.17996531922865777,4
447,0.17999832804954113,4
1575,0.18003163275441827,4
2481,0.18009214746321703,4
171,0.18011590003621877,4
515,0.18026028615309994,4
1210,0.18031784841075793,4
467,0.18036244814938623,4
480,0.18041042044754543,4
2358,0.1805410384962885,4
1162,0.18059667501708043,4
389,0.18060223493532054,4
473,0.18079924945605524,4
2197,0.18081758494544642,4
513,0.1809806581943919,4
158,0.18098449757396387,4
351,0.1810999552592598,4
1025,0.1812126492022721,4
279,0.18129231051190703,4
1116,0.18137891273056705,4
1493,0.1814287819150056,4
1761,0.1814717388371779,4
1223,0.18153969002939999,4
860,0.18155504541371384,4
14,0.18158922939321182,4
1066,0.1817901354844575,4
1065,0.18179329114674112,4
980,0.1818174661901538,4
1941,0.18186469418781429,4
323,0.18191629691809566,4
1653,0.18191758598116686,4
1758,0.1819268162517112,4
2147,0.18196525866583455,4
226,0.1819653005155997,4
682,0.18197472445495974,4
1994,0.1820034250287225,4
1193,0.18200370421182593,4
768,0.18222720972610143,4
561,0.18224158049330055,4
541,0.1823095411100552,4
2487,0.1824150771335208,4
1695,0.18242598664432697,4
1451,0.18246961898224687,4
996,0.1824713951458753,4
405,0.18261204536884565,4
1220,0.18264509559904965,4
2317,0.18279352118424172,4
2016,0.18284324217098294,4
1979,0.18295669452602772,4
2085,0.18310229932819028,4
1919,0.18311245633141437,4
2423,0.18320990258639516,4
1752,0.18324657700721037,4
1428,0.18331874117084654,4
2167,0.18332489139116703,4
228,0.18336848753747717,4
1714,0.18338439901552062,4
700,0.18338810039851772,4
2251,0.18342951617431436,4
1315,0.18350658104800086,4
592,0.1835815944524302,4
1410,0.18375097046621017,4
1739,0.18376890064758272,4
1258,0.1838497676282304,4
767,0.1838520413342266,4
1659,0.18386589586509047,4
2377,0.1841143440530883,4
29,0.18419506264563842,4
645,0.18420352131421838,4
1664,0.18420974582554786,4
1226,0.18424160653500507,4
1160,0.1842645825483451,4
1101,0.18429536722165793,4
2012,0.18450154518689835,4
881,0.18453812198316843,4
614,0.1845564681025082,4
1283,0.1846829837630016,4
2102,0.18486564507994047,4
1420,0.1848894022677181,4
348,0.18505012098167978,4
1600,0.185109519553332,4
655,0.1851221441756766,4
255,0.1851438101831456,4
609,0.1852129259567736,4
2072,0.18545061185856265,4
143,0.18563768121561294,4
1126,0.18596507610421134,4
1330,0.18608828171773792,4
361,0.18620021462829112,4
1262,0.1862243773418557,4
393,0.18628004991641345,4
179,0.18633222756893544,4
2344,0.18645710188181938,4
123,0.18648979213454578,4
511,0.18649769130151733,4
150,0.1865677019528716,4
983,0.18666038416810354,4
1421,0.18675713830320137,4
2433,0.18677763819095478,4
753,0.18690852224421792,4
2237,0.18706063026526554,4
2202,0.18717402709625652,4
1721,0.18724851504119566,4
1648,0.18728993454802748,4
1044,0.1873506266394637,4
482,0.18739062923619146,4
319,0.18739598328939688,4
749,0.1874751054715125,4
946,0.1874852634442732,4
687,0.18753784929492165,4
719,0.18756350335297706,4
1024,0.18758758004150608,4
2173,0.18759560243138101,4
2059,0.18778271302394434,4
1061,0.18807078221980725,4
1217,0.18826110752751218,4
2350,0.188283728450072,4
1200,0.1883383047559574,4
145,0.188357749299496,4
338,0.18842929645063478,4
1259,0.18849405421439727,4
2190,0.18854583918569762,4
111,0.18854809493107366,4
298,0.18855328209014477,4
1141,0.18855642006862758,4
1861,0.1885686845068973,4
856,0.18871682867614656,4
372,0.18897318797878612,4
953,0.18907039868516065,4
1791,0.18912817514454622,4
1766,0.18914097343416716,4
2482,0.1891705857840217,4
1949,0.18917153426051814,4
1154,0.18928688395337268,4
2465,0.18931547183995662,4
1887,0.18950832851795094,4
230,0.18955438023269391,4
678,0.18956174876890763,4
2029,0.18957336278479978,4
1072,0.18959525086114787,4
2087,0.18984129455119328,4
998,0.18990054186204366,4
1323,0.19004062153793708,4
1998,0.1900806509974832,4
1440,0.19017500405443255,4
640,0.19023943922901537,4
1711,0.1903803703091917,4
986,0.19038856896218806,4
1003,0.19039026264511338,4
811,0.190493010113028,4
507,0.1905025252861769,4
2070,0.19073906377315175,4
1986,0.19078006381340085,4
1892,0.1908206323428485,4
967,0.19091008892304315,4
2335,0.19095550319297888,4
1212,0.1909904064513139,4
134,0.19101352405820696,4
2253,0.1910200866482867,4
1131,0.19105239732559906,4
1748,0.19124819029454343,4
2183,0.1912553860794627,4
2101,0.19127061105722604,4
1688,0.1912715356735018,4
1062,0.19147722904226142,4
793,0.1914953100394824,4
658,0.19149696665249819,4
704,0.19152757236425097,4
2313,0.19167579408543262,4
2490,0.19189324321994447,4
1253,0.19192437012800984,4
2005,0.19196172670752681,4
518,0.19198637254243064,4
239,0.19216363157030786,4
1124,0.19222445546606506,4
265,0.19232613908872906,4
1489,0.19245446094051147,4
2170,0.1925973259415703,4
204,0.19261472785485584,4
1284,0.19277078274800372,4
2094,0.19299340053189745,4
2457,0.19309218950064025,4
1250,0.19312141740489835,4
632,0.1931633071343278,4
713,0.19328049420129373,4
1555,0.19343726649865114,4
1391,0.19346064686475523,4
2448,0.19349569606250208,4
739,0.19353050838917724,4
2276,0.19356259081502353,4
1350,0.1935660015289326,4
341,0.19360456576931948,4
581,0.19364917903787643,4
817,0.19370550429036476,4
2138,0.19428941411914533,4
133,0.19429375005598157,4
2227,0.19441352214849844,4
908,0.19443728644527797,4
2220,0.19445751019128252,4
221,0.19450650750746054,4
866,0.19456511864154802,4
124,0.19460101719965806,4
1880,0.19473701865020793,4
830,0.19487977762334965,4
2200,0.1949010198692135,4
744,0.19505207650129847,4
1458,0.19515173607946767,5
1647,0.1951605608322026,5
217,0.19548490851477934,5
1371,0.1955431486740145,5
965,0.19566770832222347,5
1642,0.1958980906968856,5
1439,0.19593749478845282,5
1581,0.19603086167256722,5
1083,0.19605096171278824,5
878,0.19608155854352713,5
2155,0.19617274195210777,5
1007,0.19626032758370773,5
1768,0.19632565450335496,5
1751,0.19634349508842855,5
948,0.1963461893338254,5
709,0.19641115662180597,5
747,0.19645766854504715,5
979,0.19647488318793133,5
1321,0.1965988062035019,5
2451,0.19679314430719516,5
33,0.19688794722891767,5
2450,0.19695317682401461,5
595,0.1969918709185492,5
2217,0.19702642970647855,5
623,0.1976518770138931,5
2336,0.19767153143708452,5
1337,0.19774097176871497,5
1543,0.19785712136710992,5
1565,0.1978692365501083,5
1136,0.1978821351280351,5
1349,0.19797316977058935,5
2427,0.19804701421613252,5
711,0.19818258664412505,5
756,0.19833338706037856,5
921,0.19835153072147294,5
1358,0.1985003378912707,5
2275,0.19861911863133044,5
1961,0.19879565865888107,5
67,0.1988156214826306,5
1205,0.1989038910727511,5
2496,0.19906911776433586,5
654,0.19914125981312086,5
1631,0.19924368145355972,5
196,0.19931379272721592,5
1411,0.1993181541458663,5
1645,0.19933554817275748,5
776,0.19935674231936334,5
1689,0.19939396102788642,5
1121,0.19946095501598046,5
1169,0.1998749499900481,5
1903,0.19989217634799678,5
31,0.19990285952492945,5
1087,0.19996305280722948,5
1518,0.2003523573549332,5
1042,0.20036666301519346,5
1343,0.20046768707482993,5
1488,0.20051516206937456,5
2107,0.20063289231789277,5
76,0.20067438529481976,5
1110,0.20077970717028035,5
2195,0.20079538755158524,5
2153,0.20100321543408362,5
1254,0.20106055549375168,5
1993,0.20115098420145885,5
546,0.20123360379081678,5
2039,0.20135299091878361,5
1146,0.20140800858467603,5
268,0.20152666301474267,5
1424,0.20156915115599702,5
1622,0.2015818374360498,5
1158,0.2016824176965417,5
637,0.20170702863900453,5
24,0.20180219605346914,5
822,0.201818141406059,5
2057,0.20182474471264397,5
2011,0.20184886778051056,5
1950,0.2019005161895824,5
837,0.20190706826093535,5
1153,0.20191380292386557,5
1928,0.20209685014105394,5
1457,0.20213313998969681,5
310,0.20217069560927473,5
1435,0.20245924358102146,5
1952,0.20256000000000002,5
2006,0.2026505704039315,5
1417,0.20270069375619426,5
771,0.2027275903266292,5
2205,0.20299893623738902,5
1934,0.20311601969647544,5
2277,0.20321132950133167,5
2305,0.20343030029149362,5
2224,0.2034327056955847,5
1960,0.20352683387834636,5
1525,0.2035608388230717,5
907,0.20375800537493807,5
1490,0.2037631959919969,5
1265,0.2037712225860598,5
164,0.203884247433978,5
2166,0.20391378332387974,5
1811,0.20450758477418798,5
431,0.2045122678567756,5
680,0.2045143448638125,5
600,0.20466598834853536,5
450,0.20469181544892545,5
1580,0.20478649518735798,5
1113,0.20483617686994496,5
443,0.20506880184976944,5
421,0.20513306102025317,5
1830,0.20531936328833364,5
2434,0.20549305095962944,5
574,0.20550833132512344,5
1005,0.2055514413940167,5
1130,0.20555769579766092,5
2244,0.20556278545595325,5
182,0.2056031219057604,5
2280,0.20567015670503386,5
188,0.20573170788646764,5
2486,0.20605166519377066,5
2108,0.20612615622324762,5
764,0.20620617528561902,5
386,0.20621788977832778,5
1427,0.20651501808165787,5
624,0.20669513176086954,5
257,0.20697420165461872,5
1299,0.2072000426038022,5
589,0.20723897011256306,5
2000,0.2073208077387279,5
1797,0.20739122535903076,5
1620,0.2073928516944038,5
542,0.20748444444444433,5
1075,0.2077984538889714,5
2302,0.20782641344488828,5
875,0.20788429899628869,5
326,0.2080414188147169,5
2232,0.20807710878497182,5
1759,0.2083062491065576,5
550,0.20831703819580238,5
807,0.20837064374039208,5
258,0.20851183851443023,5
1064,0.20861782482821656,5
280,0.2088398239446167,5
1327,0.20904057817265617,5
815,0.20918623571242034,5
3,0.20935415522247502,5
137,0.20941461407689735,5
2239,0.2095069248382721,5
208,0.20954123992485296,5
1736,0.2096972680285503,5
210,0.20987522759242222,5
1787,0.20993817441726503,5
2432,0.21004137361835945,5
1482,0.210662923639101,5
2468,0.21078537411683268,5
1977,0.21078968822917543,5
187,0.21095657871225207,5
2035,0.21097633113366268,5
1660,0.2113376454340416,5
1750,0.21149786591472905,5
646,0.211680138243429,5
865,0.21172420191108401,5
809,0.2121036777344747,5
1508,0.2121334513952537,5
2066,0.2121363358337492,5
425,0.21220496993882237,5
1198,0.2123629759356554,5
1826,0.21247710889286425,5
1231,0.2124775824683967,5
663,0.21294447199474606,5
170,0.21311534426364404,5
1863,0.21322854520422205,5
2027,0.213250816448045,5
485,0.21333376424534506,5
1353,0.2134048918444935,5
594,0.21356148804237313,5
2389,0.21370478514192767,5
2031,0.21372101194659174,5
1442,0.21402258590494597,5
636,0.21424355861324682,5
2270,0.214258544914809,5
664,0.21425937600361594,5
748,0.21437553607513035,5
303,0.21453023020616172,5
505,0.21463232549458755,5
1178,0.21492612905286396,5
195,0.2149755410935692,5
1682,0.21504620329449578,5
2412,0.215051156887555,5
1381,0.21512630237613373,5
9,0.21522466539196938,5
245,0.21525031349474288,5
281,0.21537642156709166,5
2331,0.21549080284307148,5
1396,0.2154916436247734,5
1437,0.21557679493172333,5
2381,0.21565206489829603,5
2400,0.21572329438605214,5
1785,0.21615299095148388,5
2204,0.21617813883704748,5
1099,0.21619003925166932,5
512,0.2163307521921393,5
1700,0.21635572761961974,5
1866,0.21664825524725453,5
42,0.21716584151959228,5
1082,0.21778804358172205,5
610,0.2179676688891684,5
2117,0.2184214133265454,5
2221,0.21846887627796055,5
788,0.21866908372678187,5
2289,0.21895049463967875,5
1436,0.21909557661927326,5
1680,0.21914136419991667,5
672,0.2192183380881875,5
805,0.21924049336269774,5
334,0.2192507766711046,5
1251,0.21948311169868057,5
1422,0.21962305986696237,5
939,0.21963906213620113,5
2341,0.21995645402244032,5
1603,0.21996253227793622,5
146,0.21999785200300714,5
988,0.22007888112043386,5
1049,0.22023302506692619,5
1419,0.22036913161730332,5
519,0.22050587172538394,5
1285,0.22084620544129083,5
2383,0.22150553810858076,5
2174,0.2216116928583764,5
294,0.22162314775180078,5
2148,0.2216724742951094,5
395,0.2217041026314637,5
1556,0.2218840531634932,5
2090,0.22209867098404118,5
1107,0.22216345223505124,5
127,0.22219860127662117,5
1833,0.22226877311279203,5
104,0.22240943339784866,5
1722,0.22258370906463862,5
1969,0.22258574622389438,5
1568,0.22279383249964396,5
151,0.2228536852505725,5
1114,0.222891748675246,5
419,0.22290729115013608,5
2002,0.22312351507611974,5
611,0.2231772641944068,5
650,0.22327189206034084,5
804,0.22334290269651794,5
667,0.2233919862923421,5
2096,0.22354299466631974,5
2201,0.22375846501128668,5
19,0.22378907613980198,5
403,0.22388180040716776,5
1119,0.22394248793016625,5
2373,0.2240077250932338,5
471,0.22460858575002796,5
2242,0.22473082890591942,5
1521,0.22486348485922986,5
1931,0.22521800274994733,5
2104,0.22528837854097467,5
1324,0.22540588419966806,5
2068,0.2259136629817372,5
896,0.22603935005373627,5
1238,0.22611369529244635,5
236,0.22636691546730478,5
1296,0.22702971340793052,5
520,0.2271036452270081,5
2279,0.22766574828536257,5
2241,0.22787782373528476,5
1849,0.22800544984155652,5
92,0.22804348454064885,5
1499,0.2281230477047255,5
2327,0.22813523042054892,5
80,0.22837991763778145,5
2073,0.22850598608230108,5
536,0.2285673027791971,5
1731,0.22858572368129043,5
552,0.2286587755741946,5
2112,0.22879990577268486,5
185,0.22893756339569962,5
122,0.22950529409681622,5
333,0.2300726494850293,5
1088,0.23024239987460904,5
1824,0.23032909473570232,5
1981,0.2303652642952267,5
1869,0.23045476630607775,5
1390,0.23120204496669391,5
201,0.2313541971336648,5
412,0.23157259640714484,5
2127,0.23170629415749908,5
105,0.23209596745558222,5
1644,0.23220523392315176,5
1570,0.2323760458135524,5
2052,0.23237800154918667,5
1204,0.23251256630608505,5
430,0.23311083514436515,5
461,0.23313939681785797,5
1870,0.23333333333333334,5
2252,0.23335006219867577,5
824,0.23368334047633635,5
1384,0.2340260326961628,5
1155,0.23446451878821173,5
1675,0.23450852612914785,5
94,0.23458410706281607,5
61,0.2347917427840702,5
833,0.23503053146139535,5
2084,0.23539480342331628,5
873,0.23567764876176084,5
651,0.23572121037107321,5
2356,0.23637462061823036,5
253,0.2364560507543943,5
1605,0.2368467888777843,5
2168,0.2369267480125256,5
715,0.2371814864721645,5
1608,0.2373498123166193,5
1278,0.23745575166472754,5
1266,0.2374848851269649,5
2160,0.23775041517676815,5
531,0.23797889736801123,5
1638,0.23800376718076868,5
1708,0.23825954886175946,5
1102,0.23832410211423682,5
483,0.23835560011502552,5
345,0.23838770542108603,5
570,0.23885621210750158,5
1517,0.239305340324914,5
2442,0.23931582517685818,5
366,0.2395437774366432,5
890,0.23997048015399008,5
1795,0.24001699280801844,5
101,0.24065261001323135,5
1207,0.24092348023940255,5
2154,0.24100745184105535,5
277,0.24125010829073903,5
454,0.24137990932619965,5
1351,0.24250399656879934,5
962,0.2427872893753047,5
1290,0.24285762969862892,5
337,0.2432526970801576,5
1425,0.24348366970473198,5
1026,0.24355941837651499,5
551,0.24367339138980643,5
2062,0.24369198989919133,5
2143,0.24377253630619605,5
732,0.24546837107978126,5
95,0.2457820867154889,5
1232,0.24630861092682027,5
1779,0.24641207922401775,5
792,0.2465245597775719,5
2409,0.246599251475457,5
1737,0.2468525179856115,5
11,0.24746450304259635,5
1304,0.24770451294056445,5
231,0.24802586007850377,5
1400,0.24836752193127096,5
270,0.2485521235521236,5
224,0.2486128894579599,5
2387,0.24888391351847108,5
2380,0.2495316607045179,5
1464,0.25022958007716795,5
524,0.250292567036012,5
2441,0.2503139818018711,5
1867,0.2505217028380632,5
2023,0.25072094091947444,5
934,0.2508105590062109,5
783,0.25094725190514705,5
1667,0.2513187716870249,5
725,0.2515029191415755,5
1242,0.2516569106477674,5
668,0.25181827764309056,5
357,0.25268587474056897,5
2326,0.2528479954740658,5
409,0.25291194526813376,5
495,0.253576783658412,5
367,0.25386712592512045,5
2445,0.25411698814753114,5
191,0.2544055687854918,5
2348,0.2548116971370951,5
892,0.25486616757255665,5
229,0.2553326228318119,5
2435,0.2556290318563352,5
2250,0.2556845783774466,5
1357,0.2563728274632132,5
504,0.25652381843511524,5
780,0.25720318968631045,5
1311,0.25723238459106956,5
375,0.25728155339805825,5
1033,0.2578181712593281,5
954,0.2582516572607653,5
165,0.25825480019758906,5
1562,0.25899620703364234,5
607,0.25954912165186145,5
1320,0.26040993269194196,5
1319,0.26087421753785256,5
927,0.26102077151335307,5
630,0.26103050337496764,5
152,0.26118168347455795,5
613,0.2615246521767006,5
1183,0.2623803772182477,5
1478,0.26420265780730895,5
799,0.26459841253190663,5
1576,0.2647594112200261,5
435,0.26485176291042933,5
474,0.26490273067999276,5
1754,0.26538513598663227,5
2149,0.2666679043713963,5
1335,0.26686168993483456,5
2187,0.26863521291995696,5
1838,0.2688960105694468,5
1868,0.2694111068094808,5
1188,0.26963096350320953,5
1560,0.2698186425912727,5
714,0.2699498392348756,5
2429,0.27123214894120773,5
1063,0.27146222729035585,5
2269,0.27168595958646313,5
306,0.27183234730072176,5
1355,0.2718698874025599,5
1987,0.27189076545748114,5
490,0.27263886747215677,5
423,0.2730330505995905,5
422,0.27359468357517375,5
2119,0.27446376292047553,5
339,0.2745936388452311,5
1699,0.27659450584001954,5
1574,0.27673743345887586,5
984,0.276739535786303,5
616,0.27689388163133904,5
2218,0.2770021866064348,5
1692,0.27728478837704995,5
1336,0.27741608642119,5
1255,0.27789205810624534,5
2370,0.2785245528976405,5
464,0.27931685234386566,5
2391,0.2799896184791072,5
248,0.2800194495321156,5
585,0.2802937972540095,5
535,0.28058176624036885,5
1926,0.28336938428534547,5
388,0.28526692867931386,5
452,0.2852825763384601,5
2467,0.2853267375360757,5
781,0.2854996452470055,5
325,0.28730625723063713,5
1432,0.29091508500918384,5
1043,0.2909483080321824,5
1898,0.29147160918442083,5
2196,0.29154024012720753,5
116,0.29254015435961617,5
579,0.29277882243766634,5
458,0.2929004408030023,5
410,0.29304986580025427,5
1365,0.29331151564737157,5
635,0.2939098935929364,5
770,0.2948466652147309,5
2100,0.2960995284340841,5
2407,0.29630330144281747,5
240,0.29691062726337913,5
716,0.2999520140758711,5
1921,0.3011745017311318,5
643,0.30200200275567135,5
2164,0.30433570090200013,5
2309,0.30473668726095915,5
1143,0.3049544031577514,5
1717,0.30511762634617556,5
74,0.30551132023123145,5
1401,0.3113004788658044,5
1176,0.3132602881546028,5
1813,0.31334622823984526,5
1429,0.3147768312172043,5
796,0.315989265157668,5
429,0.3198728036731184,5
147,0.3213389076255022,5
1738,0.3218372257806525,5
801,0.32232382798487025,5
1252,0.3226451994360304,5
2439,0.32275973361272686,5
1504,0.3232323232323232,5
227,0.3237292975442607,5
1341,0.32490800614483234,5
407,0.329024186822352,5
930,0.3299730613489656,5
1105,0.3307998129092609,5
1006,0.33289986996098825,5
2271,0.33975947029413095,5
2404,0.3408998417363782,5
295,0.3418497973117133,5
1846,0.34423083178816577,5
2026,0.3539048031210422,5
363,0.35961077422084337,5
559,0.36102711291066575,5
2157,0.36738703339882123,5
2333,0.36879232505643345,5
1637,0.3736990154711674,5
1607,0.3831434744846343,5
2111,0.3904297328687572,5
2474,0.4006709801102326,5
1674,0.40078712698649926,5
2054,0.4066090874953061,5
1480,0.4111502984264786,5
2259,0.4232673267326732,5
