household_key,occasions,affinity
1,1345,0.14721189591078068
2,528,0.13636363636363635
3,559,0.25402504472271914
4,247,0.08906882591093117
5,165,0.12727272727272726
6,1478,0.15426251691474965
7,913,0.15772179627601315
8,1348,0.18323442136498516
9,165,0.1696969696969697
10,49,0.10204081632653061
11,17,0.4117647058823529
12,69,0.11594202898550725
13,1577,0.1794546607482562
14,613,0.25938009787928223
15,224,0.13839285714285715
16,463,0.10151187904967603
17,824,0.20145631067961164
18,1483,0.13216453135536074
19,3226,0.3000619962802232
20,1834,0.1663031624863686
21,178,0.2303370786516854
22,1273,0.14454045561665357
23,539,0.12987012987012986
24,417,0.2685851318944844
25,724,0.23480662983425415
26,658,0.1702127659574468
27,2002,0.16383616383616384
28,529,0.13610586011342155
29,286,0.24125874125874125
30,91,0.25274725274725274
31,708,0.2796610169491525
32,650,0.16
33,217,0.2534562211981567
34,104,0.22115384615384615
35,229,0.1572052401746725
36,992,0.1280241935483871
37,189,0.06878306878306878
38,103,0.07766990291262135
39,1226,0.11908646003262642
40,2955,0.11404399323181048
41,843,0.18386714116251482
42,786,0.26463104325699743
43,234,0.15384615384615385
44,227,0.15859030837004406
45,190,0.08421052631578947
46,1469,0.20626276378488767
47,471,0.12314225053078556
48,241,0.17427385892116182
49,1022,0.21037181996086105
50,80,0.1125
51,736,0.08016304347826086
52,1085,0.10691244239631337
53,427,0.17330210772833723
54,25,0.16
55,315,0.23174603174603176
56,1849,0.15738236884802595
57,636,0.17138364779874213
58,2094,0.1886341929321872
59,327,0.19571865443425077
60,69,0.14492753623188406
61,29,0.1724137931034483
62,201,0.17412935323383086
63,101,0.0891089108910891
64,1155,0.1523809523809524
65,386,0.15284974093264247
66,130,0.23846153846153847
67,1914,0.23719958202716823
68,1621,0.13325107958050586
69,1483,0.17599460552933244
70,40,0.225
71,537,0.21601489757914338
72,1900,0.16210526315789472
73,534,0.08239700374531835
74,867,0.3748558246828143
75,165,0.21818181818181817
76,85,0.17647058823529413
77,1750,0.19485714285714287
78,841,0.1581450653983353
79,911,0.20965971459934138
80,796,0.32160804020100503
81,1333,0.2010502625656414
82,110,0.13636363636363635
83,265,0.16981132075471697
84,360,0.16111111111111112
85,1447,0.2093987560469938
86,675,0.12444444444444444
87,272,0.04779411764705882
88,3409,0.2141390437078322
89,31,0.22580645161290322
90,109,0.03669724770642202
91,628,0.12579617834394904
92,557,0.24775583482944344
93,853,0.15005861664712777
94,107,0.18691588785046728
95,1330,0.31278195488721805
96,249,0.10843373493975904
97,1348,0.2218100890207715
98,930,0.1967741935483871
99,1869,0.14232209737827714
100,366,0.1912568306010929
101,772,0.3082901554404145
102,77,0.11688311688311688
103,191,0.2094240837696335
104,1343,0.23901712583767684
105,1560,0.25769230769230766
106,353,0.1388101983002833
107,192,0.203125
108,583,0.1457975986277873
109,1180,0.13813559322033897
110,1069,0.22170252572497662
111,430,0.24883720930232558
112,150,0.08666666666666667
113,3181,0.14775227915749764
114,777,0.1402831402831403
115,1841,0.13905486148832155
116,271,0.47232472324723246
117,1237,0.2400970088924818
118,1065,0.1352112676056338
119,586,0.08191126279863481
120,23,0.08695652173913043
121,628,0.18789808917197454
122,533,0.2682926829268293
123,1037,0.2757955641272903
124,187,0.22994652406417113
125,1611,0.24953445065176907
126,221,0.21266968325791855
127,1042,0.29174664107485604
128,407,0.171990171990172
129,224,0.16517857142857142
130,121,0.15702479338842976
131,1460,0.19246575342465752
132,824,0.18446601941747573
133,809,0.19406674907292953
134,1016,0.19881889763779528
135,282,0.18085106382978725
136,813,0.2054120541205412
137,267,0.26217228464419473
138,795,0.18364779874213835
139,738,0.16395663956639567
140,493,0.16024340770791076
141,164,0.1402439024390244
142,751,0.18508655126498003
143,1857,0.2827140549273021
144,435,0.1793103448275862
145,285,0.256140350877193
146,255,0.27450980392156865
147,382,0.5445026178010471
148,294,0.13945578231292516
149,2253,0.13049267643142476
150,43,0.18604651162790697
151,340,0.2235294117647059
152,334,0.24550898203592814
153,534,0.22284644194756553
154,193,0.14507772020725387
155,516,0.15891472868217055
156,1443,0.19404019404019404
157,736,0.16032608695652173
158,504,0.5119047619047619
159,756,0.2261904761904762
160,399,0.13784461152882205
161,1599,0.17510944340212634
162,731,0.08618331053351573
163,79,0.189873417721519
164,1111,0.2601260126012601
165,754,0.39389920424403185
166,754,0.1206896551724138
167,258,0.07364341085271318
168,137,0.15328467153284672
169,26,0.23076923076923078
170,527,0.25426944971537
171,241,0.1991701244813278
172,259,0.138996138996139
173,56,0.23214285714285715
174,360,0.24722222222222223
175,383,0.1514360313315927
176,158,0.22151898734177214
177,259,0.23166023166023167
178,489,0.16768916155419222
179,157,0.20382165605095542
180,415,0.1855421686746988
181,438,0.228310502283105
182,317,0.24605678233438485
183,399,0.16290726817042606
184,1099,0.17470427661510465
185,491,0.3034623217922607
186,10,0.1
187,257,0.22568093385214008
188,316,0.25
189,168,0.125
190,150,0.18666666666666668
191,127,0.28346456692913385
192,1117,0.1495076096687556
193,564,0.15602836879432624
194,467,0.1948608137044968
195,1060,0.31981132075471697
196,1588,0.24874055415617127
197,485,0.09896907216494845
198,2351,0.17311782220331773
199,175,0.1657142857142857
200,260,0.13846153846153847
201,363,0.27548209366391185
202,185,0.1837837837837838
203,248,0.14919354838709678
204,242,0.3181818181818182
205,756,0.10052910052910052
206,111,0.1891891891891892
207,251,0.099601593625498
208,1150,0.26608695652173914
209,1068,0.199438202247191
210,1207,0.2783761391880696
211,727,0.19669876203576342
212,969,0.15479876160990713
213,136,0.13970588235294118
214,796,0.16331658291457288
215,664,0.20180722891566266
216,588,0.11224489795918367
217,638,0.24921630094043887
218,1179,0.11789652247667515
219,2918,0.13125428375599726
220,624,0.2916666666666667
221,773,0.2535575679172057
222,1443,0.13444213444213443
223,563,0.17584369449378331
224,417,0.35731414868105515
225,232,0.14224137931034483
226,319,0.23197492163009403
227,547,0.4186471663619744
228,510,0.3431372549019608
229,277,0.3285198555956679
230,1397,0.23407301360057264
231,68,0.38235294117647056
232,2583,0.1618273325590399
233,128,0.1796875
234,88,0.20454545454545456
235,1851,0.10588870880605078
236,389,0.26735218508997427
237,106,0.11320754716981132
238,193,0.14507772020725387
239,2424,0.24752475247524752
240,92,0.31521739130434784
241,51,0.17647058823529413
242,1249,0.12089671737389912
243,1839,0.11963023382272975
244,511,0.1350293542074364
245,238,0.42016806722689076
246,297,0.16161616161616163
247,407,0.12776412776412777
248,1097,0.33454876937101186
249,845,0.22366863905325443
250,1661,0.11980734497290789
251,496,0.19959677419354838
252,22,0.13636363636363635
253,2920,0.2845890410958904
254,159,0.16352201257861634
255,140,0.18571428571428572
256,2153,0.11704598235020901
257,799,0.246558197747184
258,1194,0.2638190954773869
259,274,0.10948905109489052
260,155,0.12903225806451613
261,174,0.1896551724137931
262,1120,0.11696428571428572
263,1957,0.17680122636688808
264,436,0.17889908256880735
265,436,0.16743119266055045
266,681,0.14096916299559473
267,50,0.04
268,218,0.21559633027522937
269,424,0.16037735849056603
270,147,0.22448979591836735
271,249,0.1686746987951807
272,88,0.17045454545454544
273,570,0.1631578947368421
274,57,0.10526315789473684
275,1618,0.22620519159456118
276,1112,0.20413669064748202
277,127,0.33858267716535434
278,482,0.12033195020746888
279,455,0.2857142857142857
280,423,0.30260047281323876
281,448,0.27232142857142855
282,855,0.15555555555555556
283,1171,0.13663535439795046
284,111,0.0990990990990991
285,1178,0.2232597623089983
286,183,0.11475409836065574
287,873,0.16953035509736541
288,652,0.10429447852760736
289,1035,0.13623188405797101
290,1932,0.2070393374741201
291,577,0.17850953206239167
292,285,0.21052631578947367
293,926,0.15550755939524838
294,1663,0.26217678893565843
295,27,0.7407407407407407
296,37,0.2972972972972973
297,779,0.17843388960205392
298,71,0.22535211267605634
299,54,0.05555555555555555
300,1056,0.14678030303030304
301,1398,0.14449213161659513
302,379,0.12401055408970976
303,1327,0.266767143933685
304,1903,0.21071991592222805
305,721,0.17059639389736478
306,1708,0.3916861826697892
307,893,0.1769316909294513
308,565,0.10442477876106195
309,394,0.14974619289340102
310,31,0.25806451612903225
311,303,0.1485148514851485
312,642,0.1822429906542056
313,32,0.1875
314,651,0.141321044546851
315,50,0.2
316,410,0.2097560975609756
317,1130,0.1407079646017699
318,353,0.13314447592067988
319,978,0.24539877300613497
320,115,0.12173913043478261
321,1262,0.16719492868462757
322,697,0.13916786226685796
323,38,0.13157894736842105
324,1633,0.10593998775260258
325,733,0.3806275579809004
326,108,0.25
327,101,0.24752475247524752
328,3803,0.09019195372074677
329,1247,0.09863672814755413
330,760,0.17763157894736842
331,280,0.11785714285714285
332,1239,0.21146085552865213
333,376,0.2712765957446808
334,1446,0.23374827109266944
335,601,0.08485856905158069
336,677,0.11669128508124077
337,268,0.2462686567164179
338,823,0.16403402187120292
339,575,0.33217391304347826
340,230,0.2
341,77,0.2077922077922078
342,440,0.18636363636363637
343,326,0.18711656441717792
344,513,0.20857699805068225
345,2008,0.27689243027888444
346,1353,0.180339985218034
347,85,0.12941176470588237
348,778,0.19794344473007713
349,227,0.13215859030837004
350,511,0.08414872798434442
351,1835,0.23923705722070845
352,45,0.08888888888888889
353,846,0.13120567375886524
354,2134,0.13823805060918462
355,47,0.23404255319148937
356,632,0.1360759493670886
357,426,0.2699530516431925
358,2844,0.10864978902953587
359,50,0.22
360,128,0.1015625
361,2612,0.19601837672281777
362,1007,0.15789473684210525
363,17,0.5294117647058824
364,682,0.22727272727272727
365,1128,0.11347517730496454
366,291,0.3024054982817869
367,1889,0.29486500794070936
368,263,0.1634980988593156
369,248,0.15725806451612903
370,879,0.20022753128555176
371,4303,0.170578666046944
372,87,0.20689655172413793
373,39,0.23076923076923078
374,1353,0.11899482631189948
375,77,0.45454545454545453
376,2195,0.13621867881548974
377,943,0.14422057264050903
378,1340,0.2126865671641791
379,10,0.0
380,2451,0.17584659322725418
381,806,0.16997518610421836
382,128,0.140625
383,1545,0.14110032362459546
384,723,0.14246196403872752
385,589,0.21561969439728354
386,1894,0.29936642027455124
387,1095,0.11963470319634703
388,440,0.3977272727272727
389,3387,0.20253912016533807
390,478,0.14225941422594143
391,283,0.1519434628975265
392,2422,0.08092485549132948
393,1056,0.20738636363636365
394,416,0.08173076923076923
395,274,0.3759124087591241
396,445,0.15280898876404495
397,1333,0.15153788447111777
398,437,0.2654462242562929
399,195,0.18461538461538463
400,3090,0.09902912621359224
401,777,0.1879021879021879
402,407,0.12530712530712532
403,192,0.3020833333333333
404,1420,0.12816901408450704
405,773,0.2975420439844761
406,314,0.1178343949044586
407,103,0.4563106796116505
408,491,0.17922606924643583
409,1139,0.31870061457418786
410,412,0.35194174757281554
411,894,0.17114093959731544
412,1102,0.3466424682395644
413,1206,0.11940298507462686
414,756,0.15873015873015872
415,74,0.22972972972972974
416,618,0.1634304207119741
417,873,0.20389461626575028
418,1486,0.12314939434724091
419,275,0.2727272727272727
420,489,0.1492842535787321
421,1146,0.3054101221640489
422,197,0.34517766497461927
423,82,0.3170731707317073
424,350,0.12571428571428572
425,1271,0.23603461841070023
426,1832,0.2019650655021834
427,234,0.09401709401709402
428,888,0.20833333333333334
429,146,0.3493150684931507
430,640,0.184375
431,119,0.3025210084033613
432,898,0.16258351893095768
433,320,0.13125
434,1293,0.1740139211136891
435,147,0.30612244897959184
436,548,0.12408759124087591
437,1065,0.20751173708920187
438,1053,0.16619183285849953
439,165,0.09090909090909091
440,24,0.041666666666666664
441,710,0.13661971830985917
442,813,0.16851168511685116
443,749,0.2590120160213618
444,280,0.12857142857142856
445,662,0.17673716012084592
446,56,0.03571428571428571
447,451,0.23503325942350334
448,91,0.10989010989010989
449,170,0.1411764705882353
450,602,0.2807308970099668
451,554,0.16787003610108303
452,231,0.3333333333333333
453,142,0.16901408450704225
454,2307,0.2895535327264846
455,224,0.12053571428571429
456,1037,0.133076181292189
457,313,0.19808306709265175
458,518,0.4034749034749035
459,271,0.12177121771217712
460,299,0.22408026755852842
461,230,0.2608695652173913
462,477,0.1719077568134172
463,1122,0.24509803921568626
464,1150,0.4017391304347826
465,130,0.16153846153846155
466,91,0.13186813186813187
467,627,0.19936204146730463
468,1360,0.16176470588235295
469,2029,0.16559881715130606
470,523,0.16252390057361377
471,385,0.23116883116883116
472,1554,0.13320463320463322
473,682,0.24193548387096775
474,443,0.27539503386004516
475,383,0.195822454308094
476,307,0.10749185667752444
477,246,0.3170731707317073
478,43,0.13953488372093023
479,589,0.2071307300509338
480,798,0.22807017543859648
481,590,0.2
482,450,0.21777777777777776
483,567,0.2310405643738977
484,958,0.19832985386221294
485,1036,0.3185328185328185
486,256,0.1171875
487,31,0.12903225806451613
488,149,0.1476510067114094
489,1078,0.14007421150278293
490,673,0.32689450222882616
491,801,0.11860174781523096
492,1388,0.21469740634005763
493,1314,0.1643835616438356
494,4,0.0
495,668,0.29790419161676646
496,101,0.1485148514851485
497,198,0.21212121212121213
498,310,0.17419354838709677
499,189,0.14285714285714285
500,20,0.1
501,111,0.2072072072072072
502,565,0.19646017699115045
503,1337,0.17427075542258788
504,163,0.2392638036809816
505,48,0.25
506,268,0.12686567164179105
507,344,0.2063953488372093
508,284,0.2323943661971831
509,56,0.10714285714285714
510,2345,0.17526652452025587
511,1311,0.2662090007627765
512,419,0.29594272076372313
513,1575,0.22476190476190477
514,747,0.11646586345381527
515,437,0.21739130434782608
516,69,0.15942028985507245
517,925,0.1783783783783784
518,1210,0.21570247933884298
519,254,0.25984251968503935
520,751,0.303595206391478
521,236,0.13135593220338984
522,5,0.0
523,1525,0.10163934426229508
524,632,0.4208860759493671
525,228,0.14473684210526316
526,1009,0.1377601585728444
527,944,0.1461864406779661
528,106,0.10377358490566038
529,536,0.2332089552238806
530,347,0.13544668587896252
531,294,0.3231292517006803
532,87,0.14942528735632185
533,764,0.17539267015706805
534,912,0.12719298245614036
535,297,0.32323232323232326
536,473,0.2727272727272727
537,293,0.15699658703071673
538,956,0.1192468619246862
539,250,0.328
540,749,0.102803738317757
541,406,0.21428571428571427
542,649,0.23420647149460708
543,584,0.11472602739726027
544,437,0.19221967963386727
545,926,0.15226781857451405
546,615,0.3203252032520325
547,445,0.21348314606741572
548,1045,0.184688995215311
549,447,0.13870246085011187
550,280,0.26071428571428573
551,231,0.23809523809523808
552,456,0.2565789473684211
553,2065,0.137046004842615
554,333,0.1111111111111111
555,97,0.14432989690721648
556,95,0.23157894736842105
557,208,0.14423076923076922
558,840,0.16666666666666666
559,67,0.26865671641791045
560,1623,0.17621688231669747
561,273,0.1575091575091575
562,552,0.18478260869565216
563,565,0.1504424778761062
564,220,0.15454545454545454
565,97,0.09278350515463918
566,358,0.17597765363128492
567,1067,0.2352389878163074
568,1856,0.13038793103448276
569,1176,0.08333333333333333
570,276,0.30434782608695654
571,225,0.1111111111111111
572,285,0.17543859649122806
573,651,0.15821812596006143
574,1613,0.27650340979541227
575,3021,0.16054286660046344
576,912,0.13486842105263158
577,792,0.0946969696969697
578,656,0.14176829268292682
579,100,0.35
580,304,0.20065789473684212
581,901,0.24195338512763595
582,828,0.1461352657004831
583,597,0.18927973199329984
584,135,0.2
585,184,0.391304347826087
586,1240,0.14516129032258066
587,87,0.26436781609195403
588,2268,0.18077601410934743
589,85,0.16470588235294117
590,950,0.19157894736842104
591,2840,0.1795774647887324
592,194,0.26804123711340205
593,254,0.16929133858267717
594,495,0.28888888888888886
595,700,0.2
596,570,0.11929824561403508
597,1052,0.15779467680608364
598,875,0.152
599,85,0.11764705882352941
600,961,0.25390218522372526
601,977,0.13510747185261002
602,323,0.17337461300309598
603,863,0.2421784472769409
604,711,0.1420534458509142
605,1365,0.15897435897435896
606,797,0.12672521957340024
607,1027,0.35345666991236613
608,1218,0.12807881773399016
609,561,0.2638146167557932
610,165,0.22424242424242424
611,363,0.29476584022038566
612,1020,0.19607843137254902
613,126,0.3253968253968254
614,1218,0.2257799671592775
615,94,0.2872340425531915
616,136,0.4117647058823529
617,370,0.16216216216216217
618,1406,0.14082503556187767
619,40,0.25
620,81,0.2962962962962963
621,749,0.11882510013351134
622,586,0.15699658703071673
623,552,0.27717391304347827
624,1311,0.2555301296720061
625,388,0.211340206185567
626,203,0.1921182266009852
627,319,0.109717868338558
628,221,0.1085972850678733
629,115,0.14782608695652175
630,1218,0.39326765188834156
631,2480,0.17258064516129032
632,903,0.22812846068660023
633,1161,0.23255813953488372
634,254,0.1377952755905512
635,110,0.22727272727272727
636,2539,0.21898385191020087
637,680,0.26176470588235295
638,1695,0.13510324483775812
639,232,0.11637931034482758
640,618,0.255663430420712
641,3113,0.17635721169290075
642,610,0.10163934426229508
643,308,0.36688311688311687
644,1327,0.17558402411454407
645,125,0.264
646,500,0.316
647,1194,0.20770519262981574
648,552,0.09420289855072464
649,386,0.17616580310880828
650,455,0.25274725274725274
651,102,0.29411764705882354
652,662,0.14350453172205438
653,2222,0.17506750675067506
654,711,0.2770745428973277
655,480,0.20625
656,1125,0.15555555555555556
657,40,0.0
658,311,0.24758842443729903
659,237,0.15611814345991562
660,1513,0.1427627230667548
661,1169,0.08810949529512403
662,304,0.14802631578947367
663,880,0.32954545454545453
664,354,0.211864406779661
665,159,0.1320754716981132
666,331,0.18429003021148035
667,386,0.2772020725388601
668,364,0.3324175824175824
669,1483,0.1335131490222522
670,1312,0.16234756097560976
671,615,0.20650406504065041
672,839,0.2693682955899881
673,154,0.15584415584415584
674,1161,0.14814814814814814
675,1063,0.1495766698024459
676,2753,0.17144932800581184
677,427,0.15690866510538642
678,120,0.38333333333333336
679,1303,0.11128165771297006
680,1031,0.24539282250242483
681,572,0.08916083916083917
682,1026,0.3148148148148148
683,67,0.08955223880597014
684,536,0.14925373134328357
685,1490,0.14429530201342283
686,111,0.16216216216216217
687,844,0.22630331753554503
688,656,0.13414634146341464
689,11,0.09090909090909091
690,998,0.2124248496993988
691,634,0.17350157728706625
692,1215,0.12510288065843622
693,1720,0.1941860465116279
694,538,0.12639405204460966
695,1579,0.1317289423685877
696,2799,0.1714898177920686
697,678,0.12536873156342182
698,407,0.171990171990172
699,1591,0.13702074167190445
700,542,0.22509225092250923
701,516,0.13372093023255813
702,1824,0.18201754385964913
703,1433,0.1437543614794138
704,27,0.3333333333333333
705,373,0.23324396782841822
706,892,0.1860986547085202
707,3198,0.14415259537210756
708,653,0.13935681470137826
709,1482,0.2699055330634278
710,1017,0.16617502458210423
711,90,0.2222222222222222
712,2761,0.1332850416515755
713,113,0.24778761061946902
714,1107,0.3098464317976513
715,927,0.325782092772384
716,352,0.375
717,106,0.07547169811320754
718,4664,0.16530874785591768
719,299,0.18729096989966554
720,318,0.08490566037735849
721,139,0.12949640287769784
722,1182,0.16243654822335024
723,333,0.2072072072072072
724,165,0.10303030303030303
725,1553,0.3200257566001288
726,593,0.24283305227655985
727,1211,0.15441783649876134
728,2007,0.15844544095665172
729,287,0.1951219512195122
730,271,0.1881918819188192
731,683,0.24158125915080528
732,1036,0.277992277992278
733,516,0.15891472868217055
734,251,0.13545816733067728
735,240,0.11666666666666667
736,643,0.09486780715396578
737,369,0.15176151761517614
738,642,0.19626168224299065
739,42,0.21428571428571427
740,1783,0.1519910263600673
741,920,0.1641304347826087
742,1624,0.18657635467980296
743,489,0.19222903885480572
744,1175,0.24
745,2297,0.11188506747932085
746,94,0.1702127659574468
747,407,0.28501228501228504
748,600,0.29833333333333334
749,296,0.14527027027027026
750,261,0.2567049808429119
751,168,0.22023809523809523
752,835,0.1568862275449102
753,472,0.2669491525423729
754,392,0.11224489795918367
755,678,0.16519174041297935
756,142,0.2323943661971831
757,463,0.1511879049676026
758,81,0.16049382716049382
759,309,0.08414239482200647
760,368,0.1358695652173913
761,1530,0.20588235294117646
762,2152,0.09200743494423792
763,649,0.1926040061633282
764,772,0.25777202072538863
765,285,0.19298245614035087
766,2164,0.16866913123844732
767,180,0.25
768,1858,0.28094725511302476
769,523,0.2045889101338432
770,441,0.36054421768707484
771,3318,0.2136829415310428
772,146,0.1232876712328767
773,209,0.1339712918660287
774,218,0.25229357798165136
775,255,0.17647058823529413
776,652,0.2469325153374233
777,425,0.11764705882352941
778,614,0.26221498371335505
779,829,0.12665862484921592
780,233,0.31759656652360513
781,360,0.275
782,358,0.19273743016759776
783,104,0.25961538461538464
784,610,0.12459016393442623
785,422,0.0971563981042654
786,1775,0.12056338028169014
787,634,0.17034700315457413
788,1469,0.2893124574540504
789,101,0.1188118811881188
790,446,0.06950672645739911
791,88,0.17045454545454544
792,102,0.3431372549019608
793,341,0.22287390029325513
794,351,0.18233618233618235
795,377,0.1830238726790451
796,188,0.5159574468085106
797,592,0.0945945945945946
798,404,0.18564356435643564
799,578,0.4013840830449827
800,3800,0.17421052631578948
801,293,0.3037542662116041
802,486,0.13991769547325103
803,622,0.15434083601286175
804,1549,0.2801807617817947
805,1423,0.2888264230498946
806,1072,0.14738805970149255
807,815,0.2920245398773006
808,655,0.1480916030534351
809,246,0.2845528455284553
810,126,0.06349206349206349
811,267,0.21348314606741572
812,262,0.17938931297709923
813,479,0.12943632567849686
814,203,0.14285714285714285
815,551,0.2831215970961887
816,901,0.13762486126526083
817,1231,0.2372055239642567
818,378,0.1402116402116402
819,41,0.1951219512195122
820,1015,0.20886699507389161
821,44,0.022727272727272728
822,284,0.2746478873239437
823,498,0.1606425702811245
824,396,0.23484848484848486
825,2097,0.18693371483071053
826,80,0.0875
827,96,0.21875
828,311,0.2540192926045016
829,452,0.19690265486725664
830,551,0.2831215970961887
831,1945,0.1506426735218509
832,86,0.046511627906976744
833,339,0.25073746312684364
834,179,0.18435754189944134
835,47,0.02127659574468085
836,348,0.1867816091954023
837,176,0.25
838,148,0.18243243243243243
839,151,0.08609271523178808
840,2419,0.12443158329888383
841,448,0.23660714285714285
842,1695,0.1887905604719764
843,533,0.15572232645403378
844,1181,0.1371718882303133
845,1285,0.1377431906614786
846,287,0.13588850174216027
847,381,0.13910761154855644
848,520,0.1
849,1114,0.09874326750448834
850,411,0.22141119221411193
851,47,0.23404255319148937
852,530,0.12075471698113208
853,2012,0.05417495029821073
854,154,0.12337662337662338
855,1223,0.16843826655764513
856,1400,0.2392857142857143
857,922,0.113882863340564
858,174,0.13793103448275862
859,1806,0.13732004429678848
860,108,0.18518518518518517
861,292,0.07534246575342465
862,506,0.16205533596837945
863,456,0.17105263157894737
864,1909,0.1566265060240964
865,277,0.20577617328519857
866,1175,0.2119148936170213
867,1127,0.14285714285714285
868,1082,0.14695009242144177
869,442,0.18099547511312217
870,70,0.18571428571428572
871,1927,0.11053450960041515
872,36,0.1388888888888889
873,620,0.27741935483870966
874,40,0.125
875,421,0.24703087885985747
876,1472,0.1644021739130435
877,756,0.1349206349206349
878,1793,0.2571109871723369
879,520,0.19230769230769232
880,75,0.22666666666666666
881,1780,0.22134831460674156
882,1045,0.21913875598086124
883,1546,0.12160413971539456
884,193,0.15544041450777202
885,455,0.17142857142857143
886,763,0.1782437745740498
887,329,0.18541033434650456
888,2213,0.12245820153637596
889,2643,0.15891032917139614
890,236,0.2669491525423729
891,1641,0.2041438147471054
892,150,0.31333333333333335
893,869,0.08515535097813579
894,255,0.11764705882352941
895,1241,0.0958904109589041
896,1448,0.3197513812154696
897,219,0.1552511415525114
898,1790,0.1463687150837989
899,56,0.07142857142857142
900,3213,0.08029878618113913
901,640,0.165625
902,24,0.08333333333333333
903,636,0.1650943396226415
904,225,0.14666666666666667
905,178,0.15730337078651685
906,1051,0.2340627973358706
907,558,0.2168458781362007
908,1353,0.18403547671840353
909,2488,0.1804662379421222
910,239,0.14644351464435146
911,1055,0.11753554502369669
912,212,0.18396226415094338
913,443,0.18284424379232506
914,314,0.09554140127388536
915,449,0.0801781737193764
916,864,0.1597222222222222
917,116,0.13793103448275862
918,1079,0.13901760889712697
919,505,0.14653465346534653
920,1186,0.209106239460371
921,33,0.2727272727272727
922,739,0.13396481732070364
923,520,0.2673076923076923
924,615,0.14146341463414633
925,201,0.13432835820895522
926,1510,0.15695364238410597
927,359,0.3008356545961003
928,620,0.10967741935483871
929,1710,0.23391812865497075
930,97,0.29896907216494845
931,915,0.1923497267759563
932,1200,0.13916666666666666
933,426,0.22769953051643194
934,3076,0.28998699609882966
935,285,0.1543859649122807
936,1786,0.20884658454647256
937,489,0.21063394683026584
938,350,0.16285714285714287
939,1516,0.2717678100263852
940,439,0.12984054669703873
941,491,0.12219959266802444
942,1509,0.1411530815109344
943,1057,0.24219489120151372
944,478,0.14853556485355648
945,424,0.16981132075471697
946,915,0.20327868852459016
947,666,0.15315315315315314
948,49,0.22448979591836735
949,1351,0.17098445595854922
950,542,0.18265682656826568
951,133,0.15037593984962405
952,630,0.1634920634920635
953,691,0.2199710564399421
954,713,0.36746143057503505
955,1151,0.19635099913119028
956,2093,0.12231247013855709
957,1254,0.24401913875598086
958,62,0.25806451612903225
959,262,0.12595419847328243
960,457,0.13129102844638948
961,840,0.09285714285714286
962,449,0.2828507795100223
963,406,0.12561576354679804
964,524,0.16412213740458015
965,349,0.2836676217765043
966,41,0.0975609756097561
967,76,0.15789473684210525
968,2403,0.19309196837286724
969,91,0.2087912087912088
970,136,0.19117647058823528
971,1035,0.11497584541062802
972,1091,0.15673693858845097
973,1938,0.10835913312693499
974,335,0.16119402985074627
975,973,0.144912641315519
976,1220,0.10327868852459017
977,270,0.2037037037037037
978,732,0.14344262295081966
979,2417,0.2155564749689698
980,216,0.1527777777777778
981,302,0.15562913907284767
982,4208,0.1634980988593156
983,1128,0.22340425531914893
984,292,0.2842465753424658
985,630,0.2857142857142857
986,538,0.2379182156133829
987,556,0.1510791366906475
988,1073,0.287977632805219
989,1088,0.18658088235294118
990,40,0.2
991,60,0.06666666666666667
992,196,0.10204081632653061
993,1005,0.16616915422885573
994,179,0.18994413407821228
995,237,0.1518987341772152
996,835,0.2347305389221557
997,1136,0.08362676056338028
998,1608,0.2232587064676617
999,448,0.140625
1000,1588,0.15050377833753148
1001,704,0.11221590909090909
1002,285,0.2
1003,520,0.2423076923076923
1004,654,0.18501529051987767
1005,1197,0.24979114452798662
1006,30,0.4
1007,493,0.29817444219066935
1008,91,0.2087912087912088
1009,62,0.1774193548387097
1010,507,0.1893491124260355
1011,761,0.13272010512483573
1012,656,0.1798780487804878
1013,208,0.15384615384615385
1014,1283,0.17692907248636008
1015,1177,0.15717926932880205
1016,554,0.0776173285198556
1017,900,0.1711111111111111
1018,486,0.1440329218106996
1019,375,0.14133333333333334
1020,2430,0.1308641975308642
1021,534,0.13108614232209737
1022,116,0.20689655172413793
1023,2937,0.06332992849846783
1024,1502,0.2097203728362184
1025,747,0.1927710843373494
1026,159,0.29559748427672955
1027,279,0.13978494623655913
1028,55,0.21818181818181817
1029,2622,0.11632341723874905
1030,263,0.08745247148288973
1031,887,0.11273957158962795
1032,474,0.10126582278481013
1033,289,0.3737024221453287
1034,218,0.15137614678899083
1035,21,0.0
1036,303,0.07590759075907591
1037,79,0.10126582278481013
1038,775,0.17548387096774193
1039,973,0.10585817060637205
1040,1546,0.1610608020698577
1041,1577,0.14457831325301204
1042,2044,0.2607632093933464
1043,182,0.3516483516483517
1044,123,0.2682926829268293
1045,1311,0.22654462242562928
1046,1031,0.11057225994180407
1047,312,0.20192307692307693
1048,452,0.16592920353982302
1049,254,0.2795275590551181
1050,1000,0.167
1051,556,0.1366906474820144
1052,73,0.1095890410958904
1053,1155,0.08831168831168831
1054,271,0.17343173431734318
1055,437,0.19908466819221968
1056,860,0.1372093023255814
1057,1436,0.0807799442896936
1058,987,0.18034447821681865
1059,28,0.21428571428571427
1060,1433,0.10537334263782275
1061,1215,0.2189300411522634
1062,655,0.24274809160305344
1063,248,0.34274193548387094
1064,843,0.26334519572953735
1065,957,0.19958202716823406
1066,1374,0.2096069868995633
1067,768,0.17317708333333334
1068,405,0.2
1069,520,0.18653846153846154
1070,1166,0.21526586620926244
1071,724,0.23066298342541436
1072,986,0.21196754563894524
1073,779,0.12708600770218229
1074,1512,0.23214285714285715
1075,295,0.31186440677966104
1076,433,0.13625866050808313
1077,274,0.1897810218978102
1078,1460,0.14794520547945206
1079,139,0.22302158273381295
1080,422,0.25355450236966826
1081,1983,0.10287443267776097
1082,852,0.2852112676056338
1083,310,0.25806451612903225
1084,723,0.12033195020746888
1085,1268,0.23264984227129337
1086,305,0.18360655737704917
1087,669,0.2406576980568012
1088,523,0.2734225621414914
1089,504,0.1884920634920635
1090,65,0.12307692307692308
1091,832,0.09975961538461539
1092,226,0.19469026548672566
1093,287,0.17421602787456447
1094,1105,0.15656108597285068
1095,115,0.06956521739130435
1096,223,0.1031390134529148
1097,1116,0.1335125448028674
1098,2215,0.18058690744920994
1099,146,0.21232876712328766
1100,40,0.075
1101,43,0.27906976744186046
1102,564,0.30851063829787234
1103,1154,0.1169844020797227
1104,810,0.1037037037037037
1105,105,0.1523809523809524
1106,132,0.21212121212121213
1107,170,0.19411764705882353
1108,92,0.29347826086956524
1109,876,0.20776255707762556
1110,689,0.41654571843251087
1111,4384,0.11427919708029197
1112,306,0.1503267973856209
1113,1155,0.21298701298701297
1114,227,0.2555066079295154
1115,261,0.1417624521072797
1116,495,0.19797979797979798
1117,756,0.1455026455026455
1118,97,0.13402061855670103
1119,690,0.2811594202898551
1120,506,0.21541501976284586
1121,614,0.2687296416938111
1122,491,0.1364562118126273
1123,771,0.19714656290531776
1124,509,0.2455795677799607
1125,218,0.26146788990825687
1126,564,0.18085106382978725
1127,347,0.17002881844380405
1128,806,0.1674937965260546
1129,516,0.14922480620155038
1130,1575,0.25015873015873014
1131,826,0.2033898305084746
1132,516,0.1996124031007752
1133,321,0.16822429906542055
1134,987,0.1286727456940223
1135,233,0.2532188841201717
1136,479,0.24843423799582465
1137,595,0.19831932773109243
1138,873,0.11912943871706758
1139,1531,0.09274983670803397
1140,188,0.07446808510638298
1141,343,0.23323615160349853
1142,3255,0.15299539170506912
1143,34,0.38235294117647056
1144,54,0.07407407407407407
1145,666,0.17567567567567569
1146,1858,0.25080731969860065
1147,695,0.12661870503597122
1148,78,0.15384615384615385
1149,61,0.06557377049180328
1150,201,0.13432835820895522
1151,582,0.12199312714776632
1152,277,0.19133574007220217
1153,335,0.21492537313432836
1154,952,0.16176470588235295
1155,363,0.2231404958677686
1156,193,0.13471502590673576
1157,619,0.1260096930533118
1158,793,0.27112232030264816
1159,1150,0.16434782608695653
1160,1428,0.22058823529411764
1161,401,0.24189526184538654
1162,111,0.3153153153153153
1163,1098,0.19672131147540983
1164,1036,0.07335907335907337
1165,374,0.24866310160427807
1166,2391,0.23588456712672523
1167,1375,0.11781818181818182
1168,196,0.15816326530612246
1169,1435,0.25505226480836235
1170,18,0.2777777777777778
1171,209,0.11483253588516747
1172,814,0.16216216216216217
1173,144,0.11805555555555555
1174,737,0.22116689280868385
1175,1352,0.08136094674556213
1176,42,0.14285714285714285
1177,108,0.10185185185185185
1178,1299,0.3302540415704388
1179,1717,0.16365754222481071
1180,954,0.1960167714884696
1181,515,0.229126213592233
1182,444,0.14189189189189189
1183,98,0.336734693877551
1184,148,0.18243243243243243
1185,330,0.19696969696969696
1186,1012,0.10573122529644269
1187,728,0.1565934065934066
1188,1570,0.33694267515923565
1189,231,0.12121212121212122
1190,809,0.22126081582200247
1191,629,0.1287758346581876
1192,305,0.2
1193,1071,0.21568627450980393
1194,449,0.19599109131403117
1195,251,0.14741035856573706
1196,344,0.11627906976744186
1197,1334,0.11169415292353824
1198,224,0.2544642857142857
1199,39,0.1794871794871795
1200,369,0.26287262872628725
1201,137,0.22627737226277372
1202,113,0.24778761061946902
1203,1321,0.1339894019682059
1204,432,0.2777777777777778
1205,1033,0.26137463697967084
1206,2054,0.18062317429406036
1207,281,0.26334519572953735
1208,339,0.168141592920354
1209,81,0.09876543209876543
1210,232,0.2543103448275862
1211,1052,0.10266159695817491
1212,71,0.2112676056338028
1213,139,0.2014388489208633
1214,23,0.13043478260869565
1215,150,0.12666666666666668
1216,1395,0.15412186379928317
1217,650,0.22153846153846155
1218,729,0.20987654320987653
1219,288,0.2152777777777778
1220,224,0.19196428571428573
1221,161,0.13043478260869565
1222,1466,0.17803547066848568
1223,316,0.20253164556962025
1224,894,0.19798657718120805
1225,450,0.18666666666666668
1226,1552,0.19136597938144329
1227,955,0.11518324607329843
1228,3337,0.1345519928079113
1229,3514,0.08081957882754695
1230,46,0.17391304347826086
1231,531,0.2749529190207156
1232,130,0.27692307692307694
1233,386,0.22279792746113988
1234,1102,0.1424682395644283
1235,125,0.152
1236,1164,0.16580756013745704
1237,292,0.17123287671232876
1238,1284,0.29750778816199375
1239,473,0.20507399577167018
1240,2143,0.06206252916472235
1241,411,0.22141119221411193
1242,201,0.208955223880597
1243,62,0.11290322580645161
1244,158,0.17721518987341772
1245,1068,0.14700374531835206
1246,916,0.1299126637554585
1247,1997,0.15072608913370056
1248,1415,0.11590106007067137
1249,174,0.14942528735632185
1250,69,0.2753623188405797
1251,88,0.19318181818181818
1252,253,0.3794466403162055
1253,127,0.2125984251968504
1254,79,0.21518987341772153
1255,130,0.3230769230769231
1256,1175,0.06978723404255319
1257,348,0.1724137931034483
1258,854,0.1791569086651054
1259,324,0.23765432098765432
1260,2864,0.09252793296089386
1261,947,0.15522703273495247
1262,230,0.21739130434782608
1263,1036,0.1525096525096525
1264,976,0.14651639344262296
1265,408,0.27450980392156865
1266,328,0.25609756097560976
1267,638,0.10031347962382445
1268,635,0.14015748031496064
1269,725,0.1696551724137931
1270,699,0.09871244635193133
1271,1397,0.16964924838940587
1272,2653,0.14021862042970223
1273,60,0.18333333333333332
1274,2239,0.10540419830281375
1275,31,0.12903225806451613
1276,182,0.1043956043956044
1277,1420,0.17112676056338028
1278,176,0.21022727272727273
1279,1517,0.14963744232036916
1280,61,0.29508196721311475
1281,182,0.14835164835164835
1282,1579,0.17542748575047498
1283,179,0.18994413407821228
1284,775,0.21161290322580645
1285,1392,0.22413793103448276
1286,128,0.234375
1287,1187,0.17017691659646167
1288,419,0.1957040572792363
1289,740,0.11891891891891893
1290,318,0.24528301886792453
1291,881,0.18388195232690124
1292,140,0.15714285714285714
1293,1370,0.1343065693430657
1294,1197,0.14118629908103592
1295,327,0.21406727828746178
1296,790,0.30886075949367087
1297,646,0.06346749226006192
1298,436,0.17660550458715596
1299,1479,0.2799188640973631
1300,692,0.16618497109826588
1301,349,0.1518624641833811
1302,127,0.15748031496062992
1303,1115,0.12556053811659193
1304,249,0.26506024096385544
1305,1248,0.1907051282051282
1306,885,0.17966101694915254
1307,460,0.14130434782608695
1308,131,0.24427480916030533
1309,38,0.2631578947368421
1310,242,0.1859504132231405
1311,165,0.34545454545454546
1312,1002,0.1596806387225549
1313,256,0.1875
1314,1851,0.12047541869259859
1315,159,0.18238993710691823
1316,797,0.15809284818067754
1317,1042,0.1928982725527831
1318,1149,0.06962576153176675
1319,250,0.384
1320,81,0.32098765432098764
1321,844,0.22985781990521326
1322,67,0.14925373134328357
1323,58,0.20689655172413793
1324,569,0.281195079086116
1325,739,0.09201623815967523
1326,1638,0.17399267399267399
1327,126,0.2619047619047619
1328,614,0.17100977198697068
1329,330,0.18787878787878787
1330,484,0.2727272727272727
1331,506,0.19960474308300397
1332,654,0.14984709480122324
1333,1711,0.09760374050263004
1334,245,0.20816326530612245
1335,275,0.32727272727272727
1336,1463,0.3308270676691729
1337,2775,0.2951351351351351
1338,717,0.20223152022315202
1339,19,0.05263157894736842
1340,167,0.1437125748502994
1341,87,0.5747126436781609
1342,27,0.07407407407407407
1343,76,0.2236842105263158
1344,533,0.23076923076923078
1345,371,0.16172506738544473
1346,283,0.15547703180212014
1347,528,0.12310606060606061
1348,96,0.09375
1349,1609,0.18210068365444376
1350,778,0.17352185089974292
1351,167,0.3712574850299401
1352,1184,0.08699324324324324
1353,1286,0.24027993779160187
1354,683,0.19326500732064422
1355,113,0.1592920353982301
1356,768,0.1953125
1357,331,0.29607250755287007
1358,686,0.29591836734693877
1359,354,0.17796610169491525
1360,192,0.09375
1361,141,0.15602836879432624
1362,212,0.11320754716981132
1363,916,0.1648471615720524
1364,774,0.20025839793281655
1365,40,0.425
1366,1399,0.21801286633309508
1367,2396,0.19282136894824708
1368,553,0.08499095840867993
1369,976,0.16393442622950818
1370,1913,0.15891270256142184
1371,273,0.23443223443223443
1372,338,0.1863905325443787
1373,136,0.125
1374,759,0.16600790513833993
1375,1002,0.17365269461077845
1376,2144,0.2234141791044776
1377,160,0.14375
1378,1654,0.1275695284159613
1379,3527,0.2032889140912957
1380,106,0.16981132075471697
1381,56,0.39285714285714285
1382,668,0.18113772455089822
1383,389,0.15167095115681234
1384,346,0.3208092485549133
1385,1130,0.1654867256637168
1386,30,0.0
1387,540,0.18333333333333332
1388,1278,0.09780907668231612
1389,451,0.08869179600886919
1390,1051,0.2921027592768792
1391,1555,0.2643086816720257
1392,626,0.22523961661341854
1393,1592,0.13316582914572864
1394,1266,0.19747235387045814
1395,191,0.17801047120418848
1396,1955,0.29820971867007673
1397,1947,0.15819209039548024
1398,98,0.22448979591836735
1399,247,0.17813765182186234
1400,72,0.2777777777777778
1401,221,0.4298642533936652
1402,695,0.1366906474820144
1403,484,0.13429752066115702
1404,314,0.15605095541401273
1405,489,0.18609406952965235
1406,713,0.15427769985974754
1407,405,0.07407407407407407
1408,281,0.12811387900355872
1409,1037,0.12054001928640308
1410,499,0.2124248496993988
1411,23,0.30434782608695654
1412,1105,0.13031674208144797
1413,104,0.14423076923076922
1414,61,0.19672131147540983
1415,79,0.12658227848101267
1416,12,0.5
1417,439,0.2824601366742597
1418,637,0.14599686028257458
1419,2344,0.29180887372013653
1420,679,0.19440353460972018
1421,1202,0.2911813643926789
1422,97,0.24742268041237114
1423,402,0.11442786069651742
1424,231,0.22510822510822512
1425,1050,0.2866666666666667
1426,578,0.17647058823529413
1427,763,0.22018348623853212
1428,1066,0.2129455909943715
1429,237,0.5232067510548524
1430,3713,0.127390250471317
1431,640,0.078125
1432,120,0.3333333333333333
1433,24,0.20833333333333334
1434,1406,0.16642958748221906
1435,96,0.2604166666666667
1436,40,0.15
1437,1362,0.2753303964757709
1438,434,0.11290322580645161
1439,155,0.23225806451612904
1440,633,0.2764612954186414
1441,101,0.1485148514851485
1442,135,0.2740740740740741
1443,510,0.12941176470588237
1444,106,0.09433962264150944
1445,1326,0.17345399698340874
1446,502,0.21713147410358566
1447,124,0.12903225806451613
1448,266,0.09022556390977443
1449,136,0.16911764705882354
1450,339,0.23893805309734514
1451,1217,0.2514379622021364
1452,788,0.12944162436548223
1453,4457,0.11689477226834194
1454,1091,0.19798350137488543
1455,164,0.25609756097560976
1456,411,0.16058394160583941
1457,424,0.16273584905660377
1458,753,0.2642762284196547
1459,902,0.13747228381374724
1460,505,0.1603960396039604
1461,1318,0.1669195751138088
1462,1326,0.16138763197586728
1463,635,0.23937007874015748
1464,742,0.3463611859838275
1465,286,0.14685314685314685
1466,176,0.17045454545454544
1467,1067,0.16776007497656983
1468,983,0.14954221770091555
1469,263,0.17110266159695817
1470,387,0.17829457364341086
1471,54,0.2777777777777778
1472,46,0.13043478260869565
1473,1078,0.11317254174397032
1474,740,0.21621621621621623
1475,2762,0.1498913830557567
1476,1400,0.13357142857142856
1477,63,0.09523809523809523
1478,23,0.34782608695652173
1479,2560,0.15
1480,51,0.5686274509803921
1481,981,0.16106014271151886
1482,263,0.2813688212927757
1483,1188,0.1835016835016835
1484,1146,0.1719022687609075
1485,372,0.07795698924731183
1486,93,0.10752688172043011
1487,282,0.11702127659574468
1488,772,0.25259067357512954
1489,3893,0.24942203955818135
1490,1187,0.2679022746419545
1491,1891,0.14119513484928609
1492,407,0.20147420147420148
1493,173,0.2023121387283237
1494,883,0.13703284258210646
1495,969,0.14241486068111456
1496,192,0.203125
1497,111,0.13513513513513514
1498,280,0.15
1499,428,0.19626168224299065
1500,257,0.12840466926070038
1501,1903,0.16342616920651604
1502,541,0.15157116451016636
1503,46,0.17391304347826086
1504,6,0.16666666666666666
1505,1265,0.17549407114624507
1506,1052,0.16254752851711027
1507,251,0.11155378486055777
1508,365,0.3424657534246575
1509,1199,0.10091743119266056
1510,3630,0.11542699724517906
1511,932,0.19742489270386265
1512,283,0.22968197879858657
1513,203,0.16748768472906403
1514,559,0.18425760286225404
1515,974,0.14784394250513347
1516,55,0.2727272727272727
1517,1009,0.2993062438057483
1518,235,0.2170212765957447
1519,639,0.20031298904538342
1520,721,0.2871012482662968
1521,333,0.2732732732732733
1522,304,0.2138157894736842
1523,366,0.319672131147541
1524,565,0.18761061946902655
1525,386,0.23056994818652848
1526,1068,0.18820224719101122
1527,2413,0.11686697057604642
1528,2004,0.2340319361277445
1529,1551,0.19406834300451323
1530,250,0.144
1531,290,0.19310344827586207
1532,390,0.12564102564102564
1533,58,0.08620689655172414
1534,1853,0.1397733405288721
1535,2025,0.16493827160493826
1536,1101,0.15258855585831063
1537,500,0.184
1538,168,0.21428571428571427
1539,17,0.0
1540,1008,0.17559523809523808
1541,2005,0.1057356608478803
1542,466,0.14377682403433475
1543,578,0.23183391003460208
1544,553,0.17540687160940324
1545,991,0.13824419778002017
1546,1074,0.21787709497206703
1547,533,0.14821763602251406
1548,1222,0.18085106382978725
1549,696,0.257183908045977
1550,1201,0.21232306411323898
1551,211,0.16113744075829384
1552,275,0.11636363636363636
1553,56,0.16071428571428573
1554,109,0.1834862385321101
1555,464,0.23922413793103448
1556,1377,0.2636165577342048
1557,1332,0.10435435435435435
1558,1006,0.1073558648111332
1559,493,0.09533468559837728
1560,306,0.38562091503267976
1561,75,0.16
1562,398,0.31909547738693467
1563,886,0.14672686230248308
1564,110,0.15454545454545454
1565,140,0.2571428571428571
1566,1798,0.12791991101223582
1567,742,0.11590296495956873
1568,958,0.24008350730688935
1569,523,0.2332695984703633
1570,511,0.2309197651663405
1571,121,0.1652892561983471
1572,586,0.20136518771331058
1573,142,0.13380281690140844
1574,590,0.3101694915254237
1575,645,0.18604651162790697
1576,188,0.2765957446808511
1577,890,0.1707865168539326
1578,819,0.13797313797313798
1579,2903,0.25111953151911814
1580,962,0.2203742203742204
1581,303,0.2871287128712871
1582,464,0.12284482758620689
1583,50,0.14
1584,1522,0.1228646517739816
1585,1359,0.11405445180279618
1586,404,0.08415841584158416
1587,200,0.165
1588,1564,0.11253196930946291
1589,102,0.17647058823529413
1590,1720,0.11627906976744186
1591,1113,0.1707097933513028
1592,333,0.09309309309309309
1593,458,0.1943231441048035
1594,596,0.19463087248322147
1595,1080,0.12314814814814815
1596,514,0.10311284046692606
1597,225,0.1688888888888889
1598,2431,0.12505141916906623
1599,2129,0.1573508689525599
1600,216,0.39351851851851855
1601,385,0.14805194805194805
1602,1566,0.1040868454661558
1603,172,0.27325581395348836
1604,358,0.0893854748603352
1605,285,0.2736842105263158
1606,221,0.17194570135746606
1607,228,0.42105263157894735
1608,378,0.31216931216931215
1609,4350,0.0910344827586207
1610,43,0.09302325581395349
1611,195,0.13333333333333333
1612,1636,0.12408312958435208
1613,1318,0.11380880121396054
1614,143,0.11888111888111888
1615,185,0.23243243243243245
1616,327,0.1651376146788991
1617,978,0.18302658486707565
1618,1014,0.11439842209072978
1619,1000,0.166
1620,2193,0.25216598267213863
1621,796,0.21608040201005024
1622,938,0.24093816631130063
1623,935,0.2267379679144385
1624,404,0.09653465346534654
1625,132,0.1590909090909091
1626,4,0.0
1627,591,0.16074450084602368
1628,126,0.1111111111111111
1629,121,0.12396694214876033
1630,1775,0.15661971830985916
1631,2838,0.23291050035236083
1632,515,0.170873786407767
1633,2648,0.1710725075528701
1634,1487,0.24008069939475454
1635,38,0.05263157894736842
1636,246,0.16666666666666666
1637,141,0.24113475177304963
1638,216,0.3611111111111111
1639,725,0.18068965517241378
1640,601,0.17803660565723795
1641,164,0.24390243902439024
1642,861,0.22067363530778164
1643,276,0.21739130434782608
1644,71,0.14084507042253522
1645,50,0.2
1646,219,0.1004566210045662
1647,26,0.19230769230769232
1648,801,0.24968789013732834
1649,285,0.14035087719298245
1650,524,0.1316793893129771
1651,456,0.16885964912280702
1652,195,0.17435897435897435
1653,3457,0.20885160543824124
1654,135,0.11851851851851852
1655,140,0.15
1656,73,0.0547945205479452
1657,130,0.17692307692307693
1658,432,0.15046296296296297
1659,1110,0.21621621621621623
1660,370,0.22972972972972974
1661,279,0.08960573476702509
1662,1761,0.12152186257808063
1663,224,0.1875
1664,419,0.2529832935560859
1665,360,0.18333333333333332
1666,282,0.1702127659574468
1667,144,0.3125
1668,438,0.1232876712328767
1669,67,0.1044776119402985
1670,45,0.17777777777777778
1671,412,0.15776699029126215
1672,363,0.1928374655647383
1673,1065,0.22629107981220659
1674,53,0.5660377358490566
1675,1150,0.21304347826086956
1676,1204,0.1287375415282392
1677,2805,0.13119429590017825
1678,568,0.19014084507042253
1679,103,0.20388349514563106
1680,562,0.24555160142348753
1681,652,0.13803680981595093
1682,32,0.34375
1683,402,0.15422885572139303
1684,305,0.12131147540983607
1685,387,0.14470284237726097
1686,484,0.21074380165289255
1687,1028,0.20136186770428016
1688,246,0.25609756097560976
1689,486,0.2757201646090535
1690,376,0.26595744680851063
1691,516,0.2441860465116279
1692,625,0.3904
1693,2184,0.13553113553113552
1694,2292,0.2238219895287958
1695,358,0.18435754189944134
1696,650,0.09692307692307692
1697,230,0.18695652173913044
1698,391,0.12276214833759591
1699,184,0.30978260869565216
1700,336,0.20238095238095238
1701,200,0.12
1702,344,0.18604651162790697
1703,1009,0.14767096134786917
1704,115,0.24347826086956523
1705,711,0.22081575246132207
1706,111,0.21621621621621623
1707,1837,0.12792596624931954
1708,782,0.26214833759590794
1709,591,0.23688663282571912
1710,2260,0.16017699115044248
1711,133,0.24060150375939848
1712,197,0.20304568527918782
1713,251,0.07171314741035857
1714,66,0.19696969696969696
1715,300,0.14666666666666667
1716,648,0.16358024691358025
1717,467,0.33832976445396146
1718,231,0.14285714285714285
1719,837,0.15890083632019117
1720,1501,0.12591605596269154
1721,83,0.1927710843373494
1722,1907,0.26219192448872575
1723,426,0.1431924882629108
1724,666,0.15165165165165165
1725,146,0.0958904109589041
1726,1589,0.1157960981749528
1727,15,0.0
1728,251,0.1394422310756972
1729,578,0.16089965397923875
1730,48,0.22916666666666666
1731,796,0.2650753768844221
1732,1014,0.1903353057199211
1733,343,0.119533527696793
1734,52,0.23076923076923078
1735,766,0.1370757180156658
1736,105,0.26666666666666666
1737,158,0.37341772151898733
1738,276,0.5072463768115942
1739,237,0.2869198312236287
1740,2626,0.1408987052551409
1741,53,0.20754716981132076
1742,786,0.15394402035623408
1743,243,0.21810699588477367
1744,202,0.12376237623762376
1745,733,0.1800818553888131
1746,396,0.18434343434343434
1747,593,0.2057335581787521
1748,1066,0.2401500938086304
1749,745,0.138255033557047
1750,172,0.18604651162790697
1751,1202,0.24708818635607321
1752,1804,0.22671840354767184
1753,964,0.17012448132780084
1754,931,0.37056928034371645
1755,282,0.1595744680851064
1756,667,0.16491754122938532
1757,39,0.1794871794871795
1758,517,0.22823984526112184
1759,1242,0.23752012882447665
1760,142,0.1267605633802817
1761,462,0.17316017316017315
1762,3057,0.19986915276414785
1763,685,0.09781021897810219
1764,2041,0.12297893189612935
1765,756,0.19973544973544974
1766,176,0.2159090909090909
1767,2499,0.15446178471388555
1768,356,0.21348314606741572
1769,1275,0.14431372549019608
1770,2179,0.17622762735199632
1771,101,0.04950495049504951
1772,881,0.19977298524404086
1773,516,0.1065891472868217
1774,1009,0.15460852329038652
1775,1774,0.1657271702367531
1776,1329,0.1670428893905192
1777,251,0.13147410358565736
1778,1639,0.17510677242220865
1779,1066,0.29362101313320826
1780,444,0.10810810810810811
1781,672,0.14285714285714285
1782,319,0.09404388714733543
1783,1048,0.14599236641221375
1784,424,0.14386792452830188
1785,542,0.2564575645756458
1786,92,0.14130434782608695
1787,401,0.23192019950124687
1788,1746,0.06987399770904926
1789,84,0.10714285714285714
1790,513,0.14814814814814814
1791,835,0.23592814371257484
1792,608,0.2565789473684211
1793,523,0.2084130019120459
1794,847,0.14167650531286896
1795,2749,0.31065842124408877
1796,505,0.11485148514851486
1797,1322,0.21633888048411498
1798,639,0.18935837245696402
1799,143,0.04895104895104895
1800,514,0.17509727626459143
1801,164,0.13414634146341464
1802,868,0.08294930875576037
1803,2085,0.07577937649880095
1804,2004,0.19760479041916168
1805,142,0.056338028169014086
1806,1011,0.1552917903066271
1807,1769,0.15319389485585078
1808,426,0.14084507042253522
1809,542,0.2564575645756458
1810,778,0.11568123393316196
1811,116,0.21551724137931033
1812,516,0.16085271317829458
1813,54,0.12962962962962962
1814,773,0.1034928848641656
1815,849,0.18256772673733804
1816,782,0.17647058823529413
1817,321,0.14953271028037382
1818,352,0.22727272727272727
1819,398,0.18090452261306533
1820,898,0.10022271714922049
1821,1163,0.12639724849527084
1822,1034,0.19342359767891681
1823,2303,0.15718627876682587
1824,789,0.17110266159695817
1825,305,0.26557377049180325
1826,693,0.2352092352092352
1827,214,0.17289719626168223
1828,1110,0.10720720720720721
1829,1552,0.15463917525773196
1830,7,0.2857142857142857
1831,1121,0.22658340767172166
1832,523,0.25047801147227533
1833,690,0.2826086956521739
1834,857,0.19603267211201866
1835,2531,0.1576451995258791
1836,662,0.11027190332326284
1837,791,0.18584070796460178
1838,258,0.36046511627906974
1839,355,0.10140845070422536
1840,84,0.10714285714285714
1841,602,0.11129568106312292
1842,227,0.07488986784140969
1843,142,0.1056338028169014
1844,389,0.07197943444730077
1845,3175,0.1121259842519685
1846,133,0.3082706766917293
1847,720,0.2013888888888889
1848,1714,0.07584597432905485
1849,846,0.2777777777777778
1850,1575,0.13142857142857142
1851,301,0.19933554817275748
1852,1967,0.15149974580579562
1853,73,0.136986301369863
1854,1594,0.1273525721455458
1855,29,0.20689655172413793
1856,1604,0.16271820448877805
1857,368,0.14673913043478262
1858,716,0.1634078212290503
1859,285,0.10175438596491228
1860,226,0.3230088495575221
1861,554,0.23104693140794225
1862,498,0.10642570281124498
1863,59,0.2033898305084746
1864,2469,0.0854597002835156
1865,1914,0.07210031347962383
1866,38,0.2894736842105263
1867,176,0.2897727272727273
1868,216,0.3101851851851852
1869,1078,0.3098330241187384
1870,78,0.358974358974359
1871,144,0.06944444444444445
1872,788,0.17258883248730963
1873,1159,0.2070750647109577
1874,175,0.18285714285714286
1875,167,0.23353293413173654
1876,11,0.36363636363636365
1877,340,0.2235294117647059
1878,144,0.1875
1879,1782,0.11952861952861953
1880,241,0.2572614107883817
1881,731,0.13406292749658003
1882,115,0.12173913043478261
1883,661,0.2102874432677761
1884,119,0.10084033613445378
1885,28,0.07142857142857142
1886,107,0.2336448598130841
1887,276,0.2717391304347826
1888,46,0.17391304347826086
1889,376,0.19680851063829788
1890,522,0.11302681992337164
1891,234,0.16666666666666666
1892,1377,0.21350762527233116
1893,40,0.15
1894,464,0.2025862068965517
1895,146,0.273972602739726
1896,1015,0.17044334975369457
1897,5,0.0
1898,170,0.2529411764705882
1899,1969,0.13966480446927373
1900,1496,0.09491978609625669
1901,2877,0.15154675008689608
1902,364,0.2857142857142857
1903,326,0.2852760736196319
1904,124,0.22580645161290322
1905,376,0.13829787234042554
1906,1686,0.16844602609727166
1907,2589,0.21011973735032832
1908,249,0.18072289156626506
1909,138,0.11594202898550725
1910,162,0.09876543209876543
1911,355,0.21971830985915494
1912,708,0.16666666666666666
1913,224,0.19642857142857142
1914,810,0.09259259259259259
1915,100,0.14
1916,836,0.1638755980861244
1917,1888,0.1731991525423729
1918,565,0.2336283185840708
1919,1090,0.22660550458715598
1920,473,0.1014799154334038
1921,412,0.4199029126213592
1922,920,0.11956521739130435
1923,850,0.0976470588235294
1924,1405,0.15302491103202848
1925,795,0.09685534591194969
1926,351,0.41595441595441596
1927,937,0.1728922091782284
1928,573,0.2513089005235602
1929,1383,0.14244396240057844
1930,663,0.14630467571644043
1931,635,0.28503937007874014
1932,308,0.1590909090909091
1933,455,0.17142857142857143
1934,158,0.25316455696202533
1935,1430,0.09300699300699301
1936,1275,0.10352941176470588
1937,2082,0.15177713736791545
1938,161,0.11801242236024845
1939,802,0.19201995012468828
1940,1098,0.11839708561020036
1941,372,0.30376344086021506
1942,590,0.10847457627118644
1943,1119,0.19481680071492405
1944,1988,0.11317907444668009
1945,219,0.1141552511415525
1946,872,0.19036697247706422
1947,1346,0.10401188707280833
1948,744,0.12903225806451613
1949,407,0.1941031941031941
1950,189,0.2275132275132275
1951,102,0.12745098039215685
1952,175,0.2571428571428571
1953,662,0.1268882175226586
1954,493,0.15415821501014199
1955,1313,0.13937547600913938
1956,436,0.14678899082568808
1957,501,0.15768463073852296
1958,326,0.1656441717791411
1959,1171,0.23996584116140052
1960,383,0.3472584856396867
1961,470,0.2404255319148936
1962,946,0.11945031712473574
1963,711,0.12236286919831224
1964,790,0.2
1965,692,0.22832369942196531
1966,1801,0.17379233759022766
1967,507,0.1794871794871795
1968,703,0.16358463726884778
1969,936,0.3055555555555556
1970,266,0.21804511278195488
1971,1059,0.14542020774315392
1972,732,0.16256830601092895
1973,341,0.1378299120234604
1974,1268,0.1892744479495268
1975,2897,0.1215050051777701
1976,1064,0.17575187969924813
1977,61,0.22950819672131148
1978,414,0.11835748792270531
1979,318,0.16037735849056603
1980,932,0.15879828326180256
1981,438,0.273972602739726
1982,1097,0.14949863263445762
1983,486,0.13580246913580246
1984,9,0.3333333333333333
1985,1840,0.13695652173913042
1986,82,0.2073170731707317
1987,617,0.2901134521880065
1988,1070,0.16355140186915887
1989,1220,0.22868852459016392
1990,879,0.2150170648464164
1991,108,0.12037037037037036
1992,120,0.15
1993,430,0.26976744186046514
1994,280,0.18214285714285713
1995,2647,0.15602568945976578
1996,565,0.17699115044247787
1997,920,0.11847826086956521
1998,1333,0.2625656414103526
1999,255,0.2235294117647059
2000,177,0.2824858757062147
2001,290,0.19310344827586207
2002,672,0.25892857142857145
2003,562,0.12277580071174377
2004,2708,0.14143279172821271
2005,451,0.24168514412416853
2006,1203,0.23773898586866168
2007,1704,0.14906103286384975
2008,504,0.09523809523809523
2009,260,0.21153846153846154
2010,334,0.17365269461077845
2011,373,0.21447721179624665
2012,1909,0.2823467784180199
2013,374,0.1657754010695187
2014,491,0.17311608961303462
2015,1572,0.16666666666666666
2016,664,0.21536144578313254
2017,1826,0.19879518072289157
2018,978,0.1554192229038855
2019,2514,0.13126491646778043
2020,2183,0.13834173156207055
2021,392,0.21428571428571427
2022,1325,0.12528301886792453
2023,310,0.23225806451612904
2024,890,0.11235955056179775
2025,186,0.1881720430107527
2026,277,0.44404332129963897
2027,575,0.22434782608695653
2028,534,0.1647940074906367
2029,332,0.1897590361445783
2030,725,0.16827586206896553
2031,110,0.17272727272727273
2032,210,0.23333333333333334
2033,441,0.09977324263038549
2034,905,0.18011049723756906
2035,383,0.2454308093994778
2036,817,0.11260709914320685
2037,591,0.155668358714044
2038,305,0.20327868852459016
2039,449,0.24498886414253898
2040,871,0.14006888633754305
2041,1124,0.16281138790035588
2042,758,0.14511873350923482
2043,630,0.2222222222222222
2044,270,0.13703703703703704
2045,68,0.1323529411764706
2046,141,0.14184397163120568
2047,824,0.16747572815533981
2048,206,0.12135922330097088
2049,207,0.12077294685990338
2050,828,0.23550724637681159
2051,938,0.0767590618336887
2052,35,0.34285714285714286
2053,1006,0.17892644135188868
2054,67,0.6417910447761194
2055,649,0.14946070878274267
2056,600,0.19166666666666668
2057,671,0.26825633383010433
2058,1387,0.10526315789473684
2059,496,0.20967741935483872
2060,98,0.19387755102040816
2061,58,0.25862068965517243
2062,1538,0.29713914174252276
2063,809,0.21013597033374537
2064,1444,0.1281163434903047
2065,842,0.19833729216152018
2066,342,0.2719298245614035
2067,48,0.1875
2068,991,0.3229061553985873
2069,545,0.1559633027522936
2070,2297,0.19851980844579886
2071,572,0.17132867132867133
2072,111,0.24324324324324326
2073,435,0.35402298850574715
2074,231,0.22943722943722944
2075,1086,0.22375690607734808
2076,1796,0.133630289532294
2077,567,0.10758377425044091
2078,277,0.148014440433213
2079,1020,0.12941176470588237
2080,1527,0.14603798297314996
2081,197,0.18781725888324874
2082,1114,0.23877917414721722
2083,1967,0.15963396034570412
2084,582,0.3797250859106529
2085,2646,0.23129251700680273
2086,1375,0.09381818181818181
2087,1859,0.24045185583647122
2088,1624,0.1939655172413793
2089,64,0.1875
2090,283,0.3392226148409894
2091,206,0.14563106796116504
2092,467,0.14346895074946467
2093,74,0.20270270270270271
2094,796,0.19597989949748743
2095,1105,0.15475113122171946
2096,231,0.21212121212121213
2097,989,0.23660262891809908
2098,187,0.12834224598930483
2099,150,0.2
2100,965,0.35854922279792745
2101,89,0.14606741573033707
2102,831,0.1648616125150421
2103,130,0.15384615384615385
2104,107,0.22429906542056074
2105,315,0.2222222222222222
2106,437,0.15102974828375287
2107,878,0.224373576309795
2108,546,0.3076923076923077
2109,699,0.2317596566523605
2110,2399,0.0779491454772822
2111,339,0.584070796460177
2112,1257,0.2561654733492442
2113,497,0.16297786720321933
2114,1124,0.17704626334519574
2115,2636,0.1437784522003035
2116,2747,0.16527120495085548
2117,548,0.3266423357664234
2118,222,0.24324324324324326
2119,562,0.43416370106761565
2120,326,0.12269938650306748
2121,1151,0.17289313640312773
2122,94,0.11702127659574468
2123,1090,0.1944954128440367
2124,1776,0.14020270270270271
2125,788,0.20812182741116753
2126,1091,0.12740604949587533
2127,186,0.24731182795698925
2128,265,0.16981132075471697
2129,1554,0.13449163449163448
2130,974,0.15503080082135523
2131,929,0.1216361679224973
2132,149,0.1476510067114094
2133,1374,0.13027656477438138
2134,1794,0.14994425863991082
2135,247,0.13765182186234817
2136,352,0.09375
2137,827,0.2370012091898428
2138,451,0.21951219512195122
2139,977,0.1105424769703173
2140,441,0.16326530612244897
2141,776,0.12628865979381443
2142,1605,0.1146417445482866
2143,83,0.26506024096385544
2144,399,0.15538847117794485
2145,188,0.10638297872340426
2146,381,0.09711286089238845
2147,1796,0.21158129175946547
2148,1258,0.25834658187599363
2149,366,0.27595628415300544
2150,32,0.3125
2151,212,0.1650943396226415
2152,56,0.19642857142857142
2153,245,0.23265306122448978
2154,647,0.35239567233384855
2155,111,0.2972972972972973
2156,1545,0.15598705501618124
2157,100,0.53
2158,753,0.31341301460823373
2159,433,0.18013856812933027
2160,131,0.4122137404580153
2161,370,0.11351351351351352
2162,1604,0.12531172069825436
2163,41,0.2926829268292683
2164,406,0.3891625615763547
2165,35,0.11428571428571428
2166,33,0.15151515151515152
2167,524,0.2633587786259542
2168,2163,0.3046694405917707
2169,176,0.16477272727272727
2170,1568,0.2493622448979592
2171,1240,0.10725806451612903
2172,529,0.08695652173913043
2173,440,0.19772727272727272
2174,238,0.2773109243697479
2175,108,0.2037037037037037
2176,660,0.23484848484848486
2177,35,0.2
2178,1028,0.13132295719844359
2179,286,0.15384615384615385
2180,288,0.18055555555555555
2181,544,0.10294117647058823
2182,455,0.13406593406593406
2183,725,0.2910344827586207
2184,941,0.09032943676939426
2185,1405,0.06761565836298933
2186,1169,0.12489307100085544
2187,428,0.35046728971962615
2188,1045,0.20287081339712917
2189,204,0.11764705882352941
2190,2022,0.3006923837784372
2191,123,0.08943089430894309
2192,79,0.12658227848101267
2193,1897,0.11386399578281498
2194,1781,0.1785513756316676
2195,348,0.27873563218390807
2196,480,0.3770833333333333
2197,185,0.15135135135135136
2198,2046,0.218475073313783
2199,1685,0.21543026706231455
2200,2420,0.25950413223140495
2201,12,0.16666666666666666
2202,79,0.1518987341772152
2203,802,0.09850374064837905
2204,980,0.2530612244897959
2205,607,0.3113673805601318
2206,152,0.17105263157894737
2207,1497,0.20507682030728122
2208,2262,0.16578249336870027
2209,1498,0.130173564753004
2210,307,0.15960912052117263
2211,525,0.1657142857142857
2212,110,0.2545454545454545
2213,806,0.1228287841191067
2214,87,0.19540229885057472
2215,774,0.19638242894056848
2216,123,0.15447154471544716
2217,1157,0.2929991356957649
2218,318,0.39308176100628933
2219,27,0.1111111111111111
2220,32,0.1875
2221,1020,0.26176470588235295
2222,721,0.18030513176144244
2223,565,0.2176991150442478
2224,1189,0.3153910849453322
2225,829,0.09529553679131483
2226,1811,0.0966316951960243
2227,1603,0.22083593262632564
2228,947,0.17634635691657866
2229,572,0.17832167832167833
2230,318,0.11635220125786164
2231,924,0.1266233766233766
2232,216,0.2962962962962963
2233,1950,0.10923076923076923
2234,1471,0.17743031951053706
2235,610,0.12459016393442623
2236,596,0.1644295302013423
2237,1244,0.2717041800643087
2238,809,0.16934487021013597
2239,362,0.27071823204419887
2240,1142,0.19527145359019266
2241,485,0.30927835051546393
2242,414,0.26570048309178745
2243,803,0.1581569115815691
2244,1685,0.2830860534124629
2245,1253,0.12769353551476456
2246,60,0.1
2247,651,0.15668202764976957
2248,209,0.15789473684210525
2249,46,0.15217391304347827
2250,386,0.4170984455958549
2251,449,0.17817371937639198
2252,2380,0.27899159663865547
2253,124,0.29838709677419356
2254,327,0.18960244648318042
2255,97,0.24742268041237114
2256,234,0.15384615384615385
2257,192,0.08854166666666667
2258,366,0.13387978142076504
2259,138,0.2826086956521739
2260,1059,0.09820585457979225
2261,2823,0.12043924902585902
2262,535,0.15327102803738318
2263,2287,0.18364669873196326
2264,3429,0.1498979294254885
2265,16,0.0625
2266,1925,0.12415584415584416
2267,573,0.17277486910994763
2268,156,0.1987179487179487
2269,968,0.30991735537190085
2270,2002,0.2937062937062937
2271,145,0.4827586206896552
2272,404,0.14603960396039603
2273,392,0.09438775510204081
2274,1037,0.15139826422372227
2275,914,0.21772428884026257
2276,338,0.17159763313609466
2277,986,0.2383367139959432
2278,245,0.10612244897959183
2279,312,0.2532051282051282
2280,2454,0.28687856560717195
2281,1026,0.15594541910331383
2282,457,0.10722100656455143
2283,254,0.12992125984251968
2284,3220,0.11987577639751552
2285,568,0.25528169014084506
2286,180,0.1
2287,219,0.2146118721461187
2288,494,0.1902834008097166
2289,621,0.3172302737520129
2290,214,0.16355140186915887
2291,151,0.09271523178807947
2292,369,0.1951219512195122
2293,320,0.125
2294,1636,0.10819070904645477
2295,1516,0.1879947229551451
2296,3271,0.14674411494955672
2297,242,0.2644628099173554
2298,704,0.203125
2299,888,0.14414414414414414
2300,1306,0.2343032159264931
2301,923,0.17876489707475623
2302,654,0.24464831804281345
2303,424,0.125
2304,99,0.36363636363636365
2305,1645,0.30942249240121583
2306,26,0.19230769230769232
2307,1293,0.177107501933488
2308,130,0.13076923076923078
2309,66,0.21212121212121213
2310,481,0.22661122661122662
2311,422,0.14928909952606634
2312,3058,0.15631131458469588
2313,20,0.2
2314,1156,0.1453287197231834
2315,40,0.15
2316,143,0.16783216783216784
2317,3152,0.20558375634517767
2318,1869,0.18512573568753343
2319,388,0.2036082474226804
2320,126,0.09523809523809523
2321,95,0.11578947368421053
2322,3997,0.09807355516637478
2323,102,0.14705882352941177
2324,715,0.2083916083916084
2325,20,0.05
2326,334,0.23353293413173654
2327,353,0.33994334277620397
2328,2196,0.07194899817850638
2329,775,0.22451612903225807
2330,938,0.11940298507462686
2331,1448,0.31422651933701656
2332,50,0.06
2333,114,0.5350877192982456
2334,2991,0.15011701771982613
2335,453,0.20309050772626933
2336,686,0.2055393586005831
2337,3925,0.14369426751592357
2338,600,0.17833333333333334
2339,81,0.2222222222222222
2340,732,0.20765027322404372
2341,1943,0.30777148739063304
2342,871,0.30424799081515497
2343,1192,0.21895973154362416
2344,593,0.2209106239460371
2345,1033,0.20619554695062922
2346,374,0.13636363636363635
2347,552,0.23007246376811594
2348,95,0.1368421052631579
2349,501,0.20159680638722555
2350,433,0.2586605080831409
2351,3659,0.20989341350095655
2352,269,0.1449814126394052
2353,121,0.1487603305785124
2354,930,0.13655913978494624
2355,31,0.06451612903225806
2356,831,0.3333333333333333
2357,57,0.17543859649122806
2358,510,0.15098039215686274
2359,661,0.2102874432677761
2360,2322,0.19422911283376398
2361,1091,0.10632447296058661
2362,135,0.26666666666666666
2363,218,0.10550458715596331
2364,2053,0.16609839259620068
2365,90,0.14444444444444443
2366,1486,0.1857335127860027
2367,1021,0.1616062683643487
2368,320,0.178125
2369,453,0.12362030905077263
2370,1449,0.4106280193236715
2371,526,0.08935361216730038
2372,870,0.2045977011494253
2373,749,0.30707610146862485
2374,1124,0.20195729537366547
2375,560,0.16607142857142856
2376,870,0.2057471264367816
2377,517,0.2205029013539652
2378,1969,0.21025901472828848
2379,351,0.2222222222222222
2380,1094,0.3391224862888483
2381,1001,0.2987012987012987
2382,184,0.19021739130434784
2383,95,0.18947368421052632
2384,200,0.165
2385,1324,0.12462235649546828
2386,190,0.21052631578947367
2387,181,0.23756906077348067
2388,328,0.17682926829268292
2389,425,0.28
2390,273,0.1282051282051282
2391,231,0.4458874458874459
2392,373,0.1903485254691689
2393,862,0.12296983758700696
2394,191,0.14659685863874344
2395,1605,0.21246105919003117
2396,146,0.2328767123287671
2397,253,0.1067193675889328
2398,512,0.177734375
2399,51,0.19607843137254902
2400,1885,0.2673740053050398
2401,218,0.16972477064220184
2402,283,0.24028268551236748
2403,37,0.21621621621621623
2404,119,0.35294117647058826
2405,757,0.18361955085865259
2406,897,0.13154960981047936
2407,1376,0.41497093023255816
2408,327,0.12538226299694188
2409,230,0.3217391304347826
2410,593,0.1736930860033727
2411,560,0.09821428571428571
2412,2947,0.2354937224295894
2413,84,0.07142857142857142
2414,60,0.35
2415,575,0.12
2416,967,0.10651499482936919
2417,58,0.1724137931034483
2418,662,0.16163141993957703
2419,272,0.15808823529411764
2420,1098,0.15664845173041894
2421,2014,0.18222442899702085
2422,78,0.1282051282051282
2423,792,0.2159090909090909
2424,1168,0.1284246575342466
2425,652,0.19785276073619631
2426,571,0.1978984238178634
2427,1915,0.23289817232375978
2428,20,0.25
2429,342,0.2777777777777778
2430,577,0.21663778162911612
2431,319,0.18495297805642633
2432,1530,0.2725490196078431
2433,110,0.18181818181818182
2434,237,0.26582278481012656
2435,581,0.32358003442340794
2436,183,0.16393442622950818
2437,933,0.1189710610932476
2438,622,0.14469453376205788
2439,193,0.5699481865284974
2440,576,0.1232638888888889
2441,507,0.34122287968441817
2442,132,0.2878787878787879
2443,806,0.20099255583126552
2444,16,0.1875
2445,1151,0.31624674196351
2446,1128,0.1799645390070922
2447,1425,0.13894736842105262
2448,2140,0.24205607476635513
2449,2882,0.11068702290076336
2450,693,0.3217893217893218
2451,1971,0.25773718924403854
2452,756,0.12962962962962962
2453,986,0.10953346855983773
2454,118,0.1016949152542373
2455,828,0.11594202898550725
2456,470,0.1829787234042553
2457,618,0.24757281553398058
2458,327,0.12844036697247707
2459,4363,0.19046527618611048
2460,136,0.13970588235294118
2461,246,0.13008130081300814
2462,2203,0.18928733545165682
2463,43,0.20930232558139536
2464,247,0.12955465587044535
2465,495,0.22828282828282828
2466,482,0.0975103734439834
2467,2844,0.3730661040787623
2468,775,0.2632258064516129
2469,179,0.19553072625698323
2470,309,0.23624595469255663
2471,263,0.20532319391634982
2472,245,0.14285714285714285
2473,77,0.2727272727272727
2474,198,0.5858585858585859
2475,1238,0.16074313408723748
2476,47,0.19148936170212766
2477,310,0.20967741935483872
2478,1291,0.1463981409759876
2479,2975,0.12100840336134454
2480,391,0.12276214833759591
2481,1064,0.2236842105263158
2482,577,0.17504332755632582
2483,606,0.20462046204620463
2484,1657,0.18768859384429692
2485,428,0.17523364485981308
2486,938,0.2537313432835821
2487,169,0.24260355029585798
2488,1588,0.12783375314861462
2489,1909,0.1817705605028811
2490,219,0.1735159817351598
2491,249,0.19678714859437751
2492,803,0.16687422166874222
2493,597,0.17922948073701842
2494,422,0.22748815165876776
2495,53,0.1320754716981132
2496,1012,0.22233201581027667
2497,1500,0.14466666666666667
2498,679,0.11045655375552282
2499,721,0.14285714285714285
2500,1009,0.21110009910802774
