category,n_pairs,verdict,net_now,t_net,net_pct,qty_pct,elasticity,significant_bh,net_later,t_cann,halo_eff,t_halo,basket_total,t_basket,visit28_diff,t_visit,spend28_diff,t_spend,quadrant,action,confidence
BEEF,1323,확대,1.6683803065514853,14.933551600160833,22.34781850202357,30.23694315762904,1.652296714223321,True,-0.3841886830809457,-1.836672815935802,5.177619760116261,6.990542531489229,6.846000066667747,8.80645527907101,0.0196648172830937,0.3493168790935062,0.3204769757080534,0.1305708420124078,Q1 강화,확대 — 최우선,상
SOFT DRINKS,1257,확대,1.2754441871433178,13.850137803766872,31.380836080649583,40.61367040949106,2.168946956459037,True,-0.2056142410280025,-1.157543841596772,5.734878600697944,7.8731305661553055,7.010322787841262,9.403598355586992,-0.0639213136359102,-1.4110268550836589,-1.212152330223429,-0.6683374496721431,Q4 약화,확대 — 최우선,상
CANDY - PACKAGED,318,확대,1.2358966817844317,5.049282796527621,35.1426244753617,38.67811135546823,3.208020635849493,True,-0.4130731539015292,-1.2133794574187602,2.964207883479191,1.6928488491923743,4.200104565263622,2.3532523968061527,-0.0883906722944833,-1.0935388650224922,-0.7687892132345125,-0.2200111522389241,Q4 약화,확대 — 최우선,상
DELI MEATS,568,확대,0.9471666809606456,9.068853345956708,16.25165699350132,15.317817922586386,2.489532423521,True,-0.1227173337228288,-0.4977438406327264,3.090603931257256,2.181820810864321,4.037770612217901,2.814269612238887,,,,,,확대 — 최우선,상
FROZEN PIZZA,621,확대,0.7131734400853084,6.1408191696561225,11.86947425620276,21.829059824532,1.960561304117936,True,0.0537523251605046,0.207313261352178,5.877339742487945,4.285788478777603,6.590513182573254,4.695069444773644,-0.0807778339544908,-0.8194970243606842,-1.486492873274904,-0.3148283731714475,Q4 약화,확대 — 최우선,상
BAKED SWEET GOODS,235,확대,0.3830418083497781,4.210678281065679,12.847345577818706,23.509718349853998,1.4488007061046888,True,-0.0930786628613926,-0.3488097233368279,6.880865120790453,3.107361261501373,7.263906929140232,3.2432219687423625,-0.1064783759607804,-0.9156945010288474,-0.7161540957677184,-0.1169222436039133,Q4 약화,확대 — 최우선,상
VEGETABLES - SHELF STABLE,279,확대,0.3772095683485275,3.9775214540826336,15.73900952735314,37.89649309517296,2.005832429014594,True,-0.2083386012612441,-1.2304188743068996,9.716941958605702,4.386177521767548,10.09415152695423,4.489892946779323,0.0867115066970861,1.2501386633683171,2.27455177442402,0.7220802215728098,Q1 강화,확대 — 최우선,상
BAG SNACKS,655,확대,0.3372949941776474,5.523903620161251,10.056240991829435,4.909210227666031,0.3917405621397847,True,-0.271093595963453,-1.6791585560312612,6.781927323016307,5.135425264638801,7.1192223171939535,5.323209729404641,-0.0569714132817603,-0.778637449046344,-4.254091338682965,-1.3695374486843668,Q4 약화,확대 — 최우선,상
CHEESE,1266,확대,0.2834137844442279,5.924856805665647,7.518851289034828,27.85082561201768,2.0250325940427865,True,-0.0656291323373065,-0.5761501948556543,3.8595012577712167,4.69567578923181,4.142915042215444,4.948289801357437,-0.0482688029868801,-0.8706088782591693,-2.810140949025235,-1.1325631979760264,Q4 약화,확대 — 최우선,상
COLD CEREAL,474,확대,0.2513294459242811,3.082961595053823,5.741369680888071,24.609438821877088,1.6348131236567514,True,-0.0350541810964426,-0.1618285391197934,3.984550187349889,2.5452774095134267,4.23587963327417,2.662350325407324,0.1569876040608054,1.6595564812072146,0.0338035982650121,0.0076760292779724,Q1 강화,확대 — 최우선,상
CRACKERS/MISC BKD FD,416,확대,0.1984716533612547,3.125308103026127,7.232358213653439,16.62951856424667,1.0422805612585466,True,-0.2024480995061825,-1.4437505444586898,4.55225560162428,2.7564318461107478,4.750727254985534,2.8522111682556943,-0.1852636339942321,-2.4787629935588766,-11.845985169914837,-3.246203525462559,Q4 약화,확대 — 최우선,상
FRZN POTATOES,155,축소,-0.1862818787033486,-2.6062006655634997,-6.958493980525729,5.581357837035956,0.4076584018752035,True,0.1992766335088165,1.1280921168850369,-4.554074743467904,-1.9320461369574424,-4.7403566221712525,-1.9952411314311973,-0.5148812353224117,-1.5775415163622282,14.08553202331438,1.0641551640572693,Q3 방문감소·지출증가,축소 — 최우선,상
SEAFOOD - FROZEN,174,확대,1.0463044525499212,2.9258596974237694,14.260004289909183,23.696148724307207,1.457369328758008,True,-0.0692305698292483,-0.1333054803393914,-1.3367872158292422,-0.4858474848976986,-0.290482763279321,-0.1031648254902184,-0.1767474644471011,-1.1662225926293872,1.0230798620233563,0.1348139956334997,Q3 방문감소·지출증가,확대 — 관찰 병행,중
SOUP,181,확대,0.9090659932235532,5.077871837237938,25.14457663086941,54.44906926690203,2.658104457698188,True,-0.4381994443604567,-1.2231042591553796,1.169485489400768,0.4858879565226828,2.078551482624321,0.8559435020000051,-0.2216397122079854,-2.5578239276917087,-6.674432164955497,-1.642576852209909,Q4 약화,확대,중
MEAT - MISC,151,확대,0.8208115186514029,3.128620773110365,10.611092726897011,20.53771299708353,1.6140688483387082,True,-0.7432034219894941,-1.5433723815839404,-1.0461357322643126,-0.314166195105271,-0.2253242136129097,-0.0655050895981565,-0.3831041582134019,-1.8980025621993035,-11.108191398424172,-1.341733085900553,Q4 약화,확대 — 관찰 병행,중
FROZEN MEAT,154,확대,0.6297334356310115,2.683736625780224,9.59047589385717,21.66280886107561,1.6429040275942626,True,-0.1118837709651241,-0.2204569426310994,2.753098904594777,0.9325054729524423,3.3828323402257885,1.135523053592745,-0.2619249639249639,-0.962813480383894,-11.70869920634921,-0.7460419554001635,Q4 약화,확대,중
FRZN MEAT/MEAT DINNERS,645,확대,0.6098406291380016,4.3842734585115775,8.918417460055414,27.732175329998743,1.9428160124386515,True,0.1298244794750325,0.4350180837838058,-0.5550928587999416,-0.4215731209339314,0.05474777033806,0.0405567139399276,0.0063058234757261,0.0656993784000862,0.8494034485001504,0.205589093896165,Q1 강화,확대,중
COOKIES/CONES,213,확대,0.5667451466219148,4.522593278848404,17.694124088634496,23.7570788666639,1.4925504785139696,True,0.2144804339990569,0.933006211888322,4.045363434749344,1.3468576059407538,4.612108581371259,1.5077957762202574,0.1036055291141163,1.128260320363963,4.695611367640924,1.1030502815060077,Q1 강화,확대,중
MEAT - SHELF STABLE,161,확대,0.5532821410552219,2.5032416151473837,13.889846151454927,28.50147551975174,6.256678905307339,True,-0.1604900432308044,-0.3459111892655009,4.78765856006332,1.673385766640015,5.340940701118542,1.8283540591871392,-0.2775042614539855,-1.3870977420181705,-18.30327329015318,-1.7992626027379677,Q4 약화,확대,중
DRY BN/VEG/POTATO/RICE,104,축소,0.5256598211180225,3.1418107772398747,18.88699308744585,40.45858663216322,2.707676628841213,True,-0.8771191110523907,-3.34246205904813,1.7649329809070105,0.4694312792904876,2.290592802025033,0.6017724350828065,0.0010787795306905,0.0067307732615677,-13.48248944348463,-1.8502553583013448,Q2 방문증가·지출감소,할인 깊이 축소 — 관찰 병행,중
COFFEE,109,축소,0.5101662909763526,2.652557394164784,9.632965379828326,9.239600438520892,0.4834269996939331,True,-0.9698557221464826,-2.124620852161376,-1.6375031381795804,-0.5167463213943115,-1.127336847203228,-0.3546415380105859,0.0759444292490181,0.5060627095157052,9.558057343320453,1.2457032429004522,Q1 강화,할인 깊이 축소,중
LUNCHMEAT,647,확대,0.4031141019236144,5.300924711065589,10.35412886509985,35.61391259220754,1.6774567642078058,True,0.133575494094462,0.7965448617549414,0.8485952050652316,0.657195771174987,1.251709306988846,0.9572935358860905,-0.060454428796191,-0.8357803156826045,-1.606889966632776,-0.5085869450207844,Q4 약화,확대,중
CANNED JUICES,241,축소,0.297412098590827,2.5854745571583533,7.899573781239414,16.15566520510695,1.280217011623076,True,-0.824097395786743,-2.492571188967648,2.3766815926074614,0.960835258553862,2.6740936911982884,1.0697797346077205,0.056379568392724,0.5563922644081124,-8.142075018516088,-1.887790326567026,Q2 방문증가·지출감소,할인 깊이 축소 — 관찰 병행,중
REFRGRATD DOUGH PRODUCTS,437,축소,0.174352110652909,2.687183967901754,5.701577888371548,25.24110692180541,1.3982998679446146,True,-0.4143467636631651,-3.255448222694769,1.9277980116486813,1.1265676177477228,2.1021501223015906,1.2204224132545467,-0.0148222095507671,-0.1398161801961347,-0.8663355417285801,-0.1723350704655709,Q4 약화,할인 깊이 축소,중
EGGS,565,축소,-0.095136522380655,-4.893661661421843,-6.827757570238073,17.36765658955125,0.8809152548165374,True,-0.0051811521858303,-0.0730724169120443,-0.6196138048166041,-0.4515040118055902,-0.7147503271972592,-0.5193760971096618,0.1749973959243749,2.4774384595918124,1.601664179888171,0.5197259998421514,Q1 강화,할인 깊이 축소,중
REFRGRATD JUICES/DRNKS,738,축소,-0.0998202537433109,-2.55800027877373,-3.5309807823586685,23.706151044943745,1.2432776658455371,True,-0.2188711754097396,-1.8496413788330095,2.0281059021908585,1.7646667256920854,1.928285648447548,1.6676842540450063,-0.0480040968983639,-0.5885823285167424,-5.976591926724478,-1.6325305786409887,Q4 약화,할인 깊이 축소,중
FLUID MILK PRODUCTS,1704,축소,-0.1072330416108873,-3.922737849185293,-3.835156552008344,54.04197074503081,1.783854275061506,True,-0.0263469421593718,-0.4296463958529076,1.5698740757054748,2.8166176853838643,1.4626410340945877,2.599569863473184,0.0685389920155058,2.04780656659416,1.471528822377225,1.079185125491541,Q1 강화,축소 보류 — 실험,중
MILK BY-PRODUCTS,637,축소,-0.1519785746588982,-4.765669513618734,-7.250659253203418,16.13487580607935,1.218044385039431,True,0.065297224938144,0.8520176824644169,5.27824192361827,4.066623674200998,5.126263348959372,3.9417631679965743,0.091874551921077,0.862358501608563,-4.9013470639964485,-0.9812731622921508,Q2 방문증가·지출감소,축소 보류 — 실험,중
VEGETABLES - ALL OTHERS,282,축소,-0.2151731122397704,-3.722203127549715,-11.505338761128993,13.26254093197848,0.4529959889100263,True,-0.0747998759971426,-0.6393045792449896,0.4951923453338029,0.2918699472605647,0.2800192330940325,0.1645897658103221,-0.2031275297871372,-1.8751105801338512,-4.891079545301772,-0.9790642675634648,Q4 약화,할인 깊이 축소,중
BREAKFAST SAUSAGE/SANDWICHES,302,축소,-0.2398378606317122,-2.459033551150126,-5.571604222375207,22.75674627510545,1.2147621036813356,True,-0.0392287444821858,-0.1742580026749714,1.7015791714420203,0.6729678199746596,1.461741310810308,0.5736948089546596,-0.0203176066680206,-0.1817789533105701,-5.891631670700838,-1.1060091966431036,Q4 약화,할인 깊이 축소,중
BERRIES,347,축소,-0.2423537133860049,-4.043787361884336,-6.603796208543999,15.36852637540177,0.8833989897988652,True,0.1221589216642333,0.5443251427173997,0.4766991702103492,0.255114627891335,0.2343454568243443,0.1252425223908925,0.0112667530036008,0.1031521001904847,-0.8705293233743369,-0.1650869128202958,Q2 방문증가·지출감소,할인 깊이 축소 — 관찰 병행,중
TROPICAL FRUIT,940,축소,-0.2698768986063981,-14.03581033893232,-20.998081247127715,7.278820504341183,0.2507195539881479,True,-0.0718908948735067,-1.288494679520139,-0.2161445937008579,-0.2330847474804351,-0.4860214923072559,-0.5224096516527307,-0.0046011583054668,-0.0716904968093771,-1.259420894565577,-0.4373475799950996,Q4 약화,할인 깊이 축소,중
ICE CREAM/MILK/SHERBTS,672,축소,-0.3020570120866085,-5.282688801818174,-7.412891862541331,17.075167883235462,0.7723944404986313,True,0.0662011907183984,0.4689919720406284,0.1790052234761938,0.1376728886390771,-0.1230517886104146,-0.0941808922703463,-0.0509405358520335,-0.5456409379449524,-0.51946983861762,-0.1287286097528805,Q4 약화,할인 깊이 축소,중
BROCCOLI/CAULIFLOWER,180,축소,-0.308098519940185,-5.530472367478517,-13.4332881353115,13.32431495970826,0.621411474336403,True,-0.0430678363811964,-0.3691887450967893,0.1506249202732689,0.0586537838344714,-0.1574735996669161,-0.0611886713526974,0.0230947862577952,0.1113422736956373,3.98258573837174,0.3811208982747795,Q1 강화,할인 깊이 축소,중
APPLES,432,축소,-0.3098839167109343,-6.445898853380853,-10.379852866842064,2.562338110915414,0.1041731399147651,True,0.470477243440378,2.9079965927500924,3.0645094807610014,1.916402882368783,2.754625564050067,1.7146917872927168,-0.1954605800666121,-2.225709915272075,-7.129252338084447,-1.5936925868760927,Q4 약화,할인 깊이 축소,중
SALAD MIX,639,축소,-0.3117664754462932,-8.715701953686471,-10.587301444970649,14.402496552390318,0.6254993798460677,True,0.1031945531428758,0.8094856193695014,1.9560278578813437,1.5271016348548452,1.6442613824350505,1.279661928355183,-0.0669123827839283,-0.7975126279945651,-5.2325424087942025,-1.3946267234783047,Q4 약화,할인 깊이 축소,중
CARROTS,136,축소,-0.3785344449978332,-7.882582595751952,-18.450141638421357,11.616433427389849,0.4882045577367876,True,0.1576325264924287,1.0319690439731863,-2.312882484929967,-0.8325705546327428,-2.6914169299278003,-0.9689588631243288,0.0095342429742792,0.0763976371093705,-7.348850653014875,-1.2369662615327246,Q2 방문증가·지출감소,할인 깊이 축소,중
COOKIES,115,축소,-0.3912873339263749,-2.188872093950784,-9.059798995116624,8.921327114825631,0.5168881908245017,True,0.7931374507787313,1.862930796893578,-2.1995391574623158,-0.5425321963165297,-2.59082649138869,-0.6378675982087118,-0.0400944742410185,-0.1680372967950044,-4.631456312766227,-0.3412895648134251,Q4 약화,할인 깊이 축소,중
ONIONS,160,축소,-0.4380629670792642,-9.3700440891772,-24.751178137994017,3.504424232957183,0.122775136620606,True,-0.0947286957167972,-0.7201984161394854,6.496207201306769,2.202605644507768,6.0581442342275045,2.0488041548830997,0.2871915524453649,1.5356324066851683,-0.9998641664706198,-0.1185991938692413,Q2 방문증가·지출감소,축소 보류 — 실험,중
POTATOES,339,축소,-0.4697710614789747,-8.639940900178965,-14.854362913677912,17.12458232900684,0.6190067149860976,True,0.3262850513265829,2.0095409537330884,1.58724920576567,0.7861704759586441,1.1174781442866952,0.5515983009521992,-0.0352498762806558,-0.2706385788903097,-0.5364441086974169,-0.0772612941622046,Q4 약화,할인 깊이 축소,중
MUSHROOMS,119,축소,-0.573616883184156,-8.081427850684042,-23.59611492481059,11.476539395163842,0.4619694264737983,True,0.2336796402422186,1.0338983208825736,0.2226036072728245,0.0913734366707606,-0.3510132759113314,-0.1434884233936625,0.452256476857141,0.6974113204282921,38.870356115125375,1.1734996378843647,Q1 강화,할인 깊이 축소,중
TOMATOES,429,축소,-0.6981909996280472,-15.547143705282645,-24.748034766353637,7.010054519860609,0.2405185906817136,True,-0.1595422220969773,-1.1261445500541452,-1.049316510922624,-0.7350908607970822,-1.7475075105506712,-1.2173340714371528,-0.0066484766094498,-0.0787570933607034,6.156630816815608,1.3767088467969952,Q3 방문감소·지출증가,할인 깊이 축소,중
MELONS,143,축소,-0.7144172024654093,-7.136027301800439,-22.68267199086022,12.860881235463618,0.5488940815406219,True,-0.3749115235622055,-1.6420745566552402,-1.0762152927379962,-0.360368486236169,-1.7906324952034054,-0.6009384365356353,-0.1569019106720952,-1.034543307879084,-5.53813804730609,-0.6701618659888998,Q4 약화,할인 깊이 축소,중
GRAPES,502,축소,-1.06607640073078,-19.895320858454102,-29.77833615973291,4.335157218869192,0.1525484494658548,True,-0.0430250093595968,-0.324498842405653,-0.5977007685314532,-0.3980905605044107,-1.6637771692622332,-1.103581764455732,-0.0480713323151505,-0.5710910872423506,-1.7127338608714204,-0.4033913970086156,Q4 약화,할인 깊이 축소,중
SEAFOOD-FRESH,105,불확실,0.4915440884721315,1.337476266949115,7.336601824948064,10.313363043358766,0.6430006567867215,False,-0.48496960729246,-0.8844568404824753,5.810219347644147,1.9235446260733384,6.301763436116278,2.1048831117220046,-0.348635431170519,-1.3030056418960796,-6.8493312393016295,-0.5920779366179254,Q4 약화,소규모 확대 실험,하
FRUIT - SHELF STABLE,149,불확실,0.2290984383388571,1.4209049357280268,6.899860464946535,20.924759859241423,1.8705640799869512,False,-0.4547374685223852,-1.2040691640009835,-2.176667496019077,-0.7041037627815678,-1.9475690576802205,-0.6196364109996495,0.1288914259604969,1.15520753505778,-2.207300682126188,-0.3822200501854169,Q2 방문증가·지출감소,보류,하
FRZN NOVELTIES/WTR ICE,145,불확실,0.1966483490263867,1.1590906282559703,4.720465114570349,22.56387442647851,1.869105966575183,False,0.4217388467432433,0.8800176163433785,1.1663054570986746,0.3622526482714826,1.3629538061250617,0.418738753426189,0.343021675367384,2.269116608451743,-4.021199441236467,-0.5983044059676371,Q2 방문증가·지출감소,보류,하
CONVENIENT BRKFST/WHLSM SNACKS,326,불확실,0.171318078167191,1.8057318678947127,4.35892999826909,25.39657188163177,1.6955175500151205,False,-0.0771805681048022,-0.312478402004866,-2.646159261961276,-1.4227125273240688,-2.4748411837940845,-1.317791665214253,-0.0064324176332449,-0.0626988377171387,-6.269488249836026,-1.268104430001887,Q4 약화,보류,하
STONE FRUIT,236,불확실,0.1650585096112576,1.5622222082592063,5.547103403397128,21.20434609854828,1.48078319304551,False,0.471718575049771,1.6496511101328837,1.063727576422462,0.5075411178229698,1.2287860860337196,0.5867528891897769,-0.0227686475007666,-0.2045685277379356,-3.0291719140976854,-0.4904646112001887,Q4 약화,보류,하
FRZN BREAKFAST FOODS,126,불확실,0.1620832227041476,1.1680348060478718,4.413151830307041,15.585639250434545,1.9229432223582863,False,-0.1417116003747115,-0.4089720267880666,-0.1666507242078491,-0.0452112726917548,-0.0045675015037014,-0.0012335596255074,0.3311401678490286,1.009892418740718,12.234221348974511,0.570363357894138,Q1 강화,보류,하
DINNER MXS:DRY,139,불확실,0.1612603357655484,1.1318380435197477,4.744897336709018,41.21330020047458,1.6844983819932595,False,0.060524995414747,0.1479732163102331,-2.321756406991415,-0.7032057837390383,-2.1604960712258663,-0.6493247695864209,-0.0137549940872378,-0.1132463218588119,0.9971609610293762,0.1848521561552229,Q3 방문감소·지출증가,보류,하
BATH TISSUES,144,불확실,0.1332922490683157,0.8056759799737029,2.6894944803052856,-1.89391411718009,-0.125806606175325,False,-0.2182061692410766,-0.6066755290422564,4.974159157878881,1.528749990376162,5.107451406947196,1.56649126286556,-0.1616216381895861,-1.0661974132944627,-9.49105480244278,-1.3962055677416716,Q4 약화,보류,하
CITRUS,159,불확실,0.10359349369004,0.8419224013939015,3.585565704512058,32.4965916663885,1.546340286601328,False,2.1670806139748344,5.761092556069633,3.055414335372231,1.074337542960558,3.159007829062271,1.1052770994374992,0.0845559571269205,0.3825161190598183,9.171161437920246,0.8449683556579619,Q1 강화,보류,하
CHEESES,244,불확실,0.081406378392076,0.7074152988786238,2.0124899962459084,11.161034731176132,1.2323120174621431,False,0.283412062459671,1.0544635137450875,3.473122603113437,1.3365250221760598,3.5545289815055128,1.357898920978875,0.2829997439455518,1.397381793126819,11.382434180148117,1.010991624485958,Q1 강화,보류,하
DINNER SAUSAGE,317,불확실,0.0695127274180717,0.6904234517388318,1.6302925545724576,24.538896229365307,2.0932719810249147,False,0.0500270305874234,0.2257350782074912,1.1848274954017215,0.4969896710197168,1.2543402228197935,0.5217038296663532,-0.0699175475977322,-0.504108256992939,-5.225988335910117,-0.8028886758634606,Q4 약화,보류,하
FRZN VEGETABLE/VEG DSH,419,불확실,0.0573664512243892,0.7022200255744523,1.7754094632085222,28.414458559131123,2.032391183594993,False,0.1431893576324171,0.9217314501436288,-0.1363928750477074,-0.0846796517034098,-0.0790264238233182,-0.0486455057322601,0.1131817449087926,0.7460242155899474,13.314794051234308,1.6532428495252405,Q1 강화,보류,하
PORK,618,불확실,0.0014735755669291,0.0099722189837957,0.0198110459659935,14.792160478910224,0.8058670896653569,False,0.1086154224506642,0.469662584788848,2.067492451152305,1.51064190493471,2.068966026719234,1.4830146316031367,0.0246825169160656,0.2964026217280587,-2.725911072470672,-0.6131714761990833,Q2 방문증가·지출감소,보류,하
CANDY - CHECKLANE,338,불확실,-0.0293219102265854,-0.7932074326839977,-2.4187726153375286,41.12798592105936,1.7966956986244276,False,-0.0154408527098152,-0.1533794517164451,-4.062907277230431,-2.636980773374603,-4.092229187457016,-2.645751635516177,-0.0133578759668244,-0.2189542236592351,-1.5899353221281398,-0.5986766619100161,Q4 약화,현행 유지·관찰,하
HOT DOGS,260,불확실,-0.0380575496221774,-0.3014614131216621,-1.194976660842158,19.518078606291,1.1608490321059055,False,-0.1819006454203511,-1.127805770828478,-0.1025851171859709,-0.0386495648929395,-0.1406426668081484,-0.0526632338355445,0.1667132294693869,1.5231847813195891,4.549468982229169,0.8998754856872088,Q1 강화,보류,하
CHICKEN/POULTRY,213,불확실,-0.0574410106490655,-0.2579533441225916,-1.0006293879674213,8.417724986223373,0.841842043829532,False,0.5191463071646346,1.2216201926028616,0.6416711544736894,0.2694823635058918,0.5842301438246237,0.2421756774175232,-0.2735580617848716,-0.7823457869966084,3.5203104415632107,0.2734586282099847,Q3 방문감소·지출증가,보류,하
BAKED BREAD/BUNS/ROLLS,927,불확실,-0.0691478909476236,-1.9805084465693776,-2.987483277158293,22.694965115901557,2.290402405840345,False,-0.0115358173969991,-0.1169945042615442,3.3428206410106527,3.5551085138893512,3.273672750063029,3.435773274316661,0.0418177838082427,0.840040270623896,3.5651889914162407,1.6672439949757327,Q1 강화,소규모 확대 실험,하
MARGARINES,105,불확실,-0.0765686907945956,-0.9777787258627728,-4.246165287328309,21.79341193804397,0.9549755473333998,False,0.1002225707433307,0.5506233731885113,-1.1728984042213288,-0.3449284772686332,-1.2494670950159246,-0.3669149607854267,0.0254583782927964,0.2229252110116514,-7.313858614215218,-1.5569190566456257,Q2 방문증가·지출감소,보류,하
SALD DRSNG/SNDWCH SPRD,261,불확실,-0.0803220762798639,-1.0705158984914096,-2.9397420636252733,27.39531601707357,1.4623415262138268,False,-0.0309084180134701,-0.2003882613286589,6.707060332299268,2.639293088955094,6.626738256019404,2.5852345725441226,0.0941906669537554,1.0162191093570343,2.29981814663758,0.5138713076347848,Q1 강화,소규모 확대 실험,하
YOGURT,488,불확실,-0.0957446519748226,-1.7968309913850813,-2.94824207360399,21.24494184039409,2.2357058751012167,False,0.1505393974078428,0.8980981188347995,-0.5211657846529837,-0.4134791552101703,-0.6169104366278063,-0.4854931064214413,-0.0822388335850554,-0.681103448556576,-6.156098416708383,-0.924749178723836,Q4 약화,보류,하
PEPPERS-ALL,123,불확실,-0.1061074192141487,-1.4790467690099944,-5.615251122355298,29.50226293281622,1.6286207395205674,False,-0.3615127853090195,-2.070699432609927,3.582437809615654,1.0492186240846617,3.4763303904015053,1.014878255247828,-0.3849100698948483,-0.6179173377017974,17.37825336785764,0.6379310791276376,Q3 방문감소·지출증가,보류,하
BREAKFAST SWEETS,216,불확실,-0.1292844068421645,-1.5349482488431754,-5.901907185468195,2.7315854437345046,0.1093081161409214,False,0.0385275126062034,0.2361634746259585,3.3212535005660384,1.414610837762531,3.191969093723874,1.3591172237824836,-0.1663706529699532,-1.088160322804009,-6.974774983181473,-1.0240729440905345,Q4 약화,보류,하
CHICKEN,701,불확실,-0.1551008677486156,-1.4911336309967862,-2.541613421189415,25.81758391668628,1.070951505401471,False,-0.3555089752124734,-1.8845423300510624,0.1893222673991742,0.1428349973631985,0.0342213996505586,0.0255651062770338,0.1211780176999317,1.4001687329312396,4.480495612191297,1.2477484115114987,Q1 강화,보류,하
PASTA SAUCE,121,불확실,-0.1569636644197793,-1.817327844311353,-5.4782889338780425,7.359022566150541,1.0788945034817408,False,-0.0480329377898489,-0.1928535521198842,-2.817266663086499,-0.9586531399359032,-2.9742303275062785,-1.0061440183197483,-0.0981340240955625,-0.5802188083533242,-9.911874195782849,-1.1987669076921534,Q4 약화,보류,하
BACON,209,불확실,-0.180314900492468,-1.7284376102802723,-4.222317069232819,20.96512836114142,1.0140012076787188,False,-0.044491321027904,-0.2051748146642609,3.377537172117769,1.2639160174203432,3.1972222716253014,1.1844243263789649,-0.1622774120479641,-1.2414083395145232,-11.14335249589804,-1.7992685182906645,Q4 약화,보류,하
HEAT/SERVE,109,불확실,-0.2351391845928175,-1.1375906474587707,-4.375421128410983,16.657094323708872,0.9880830342545858,False,0.3771805034548127,0.9775966580771696,-0.1171682348059619,-0.0457950259274238,-0.3523074193987794,-0.1356966403058417,-0.1463058851489635,-0.5230187154046634,-11.507930728478954,-0.7642857465182575,Q4 약화,보류,하
LAUNDRY DETERGENTS,151,불확실,-0.3799808812418093,-1.6228838191563864,-5.202166910663906,3.417364692818983,0.2100724245110201,False,-0.1285827454565636,-0.3796114587829131,2.255852309337334,0.7813955399079511,1.8758714280955244,0.6557869631279182,0.3542423861907562,1.4491215901743284,2.796742707603601,0.2102347155946577,Q1 강화,보류,하
DIAPERS & DISPOSABLES,111,불확실,-0.4550613763381874,-1.1580592495987312,-3.421545351748824,8.123912919384258,0.960116336214678,False,1.4834528690813482,1.3040265976742544,1.8712508168202715,0.5931535324256064,1.4161894404820845,0.4462119756621339,,,,,,보류,하
